Generation,Time,BestObjective,AvgFitness,BestFitness,CacheHitRate
1.0000,0.0643,192.3950,0.0003,0.0052,0.0067
2.0000,0.1004,192.3950,0.0011,0.0052,0.0089
3.0000,0.1319,192.3950,0.0023,0.0052,0.0217
4.0000,0.1637,192.3950,0.0029,0.0052,0.0293
5.0000,0.1955,189.2900,0.0035,0.0053,0.0278
6.0000,0.2278,189.2900,0.0036,0.0053,0.0352
7.0000,0.2589,189.2900,0.0038,0.0053,0.0417
8.0000,0.2900,181.3750,0.0041,0.0055,0.0511
9.0000,0.3211,181.3750,0.0040,0.0055,0.0587
10.0000,0.3514,177.4700,0.0044,0.0056,0.0739
11.0000,0.3824,177.4700,0.0044,0.0056,0.0844
12.0000,0.4113,176.3750,0.0045,0.0056,0.1036
13.0000,0.4402,172.6050,0.0047,0.0058,0.1186
14.0000,0.4666,172.6050,0.0050,0.0058,0.1427
15.0000,0.4917,171.5650,0.0049,0.0058,0.1683
16.0000,0.5173,170.6200,0.0050,0.0058,0.1902
17.0000,0.5427,169.5250,0.0050,0.0059,0.2089
18.0000,0.5684,166.6850,0.0049,0.0060,0.2267
19.0000,0.5920,166.0250,0.0050,0.0060,0.2473
20.0000,0.6164,166.0250,0.0051,0.0060,0.2619
21.0000,0.6396,166.0250,0.0052,0.0060,0.2779
22.0000,0.6635,162.7100,0.0052,0.0061,0.2910
23.0000,0.6859,162.7100,0.0056,0.0061,0.3083
24.0000,0.7080,162.7100,0.0054,0.0061,0.3237
25.0000,0.7291,162.7100,0.0054,0.0061,0.3408
26.0000,0.7509,160.7500,0.0056,0.0062,0.3551
27.0000,0.7725,160.7500,0.0055,0.0062,0.3693
28.0000,0.7939,160.7500,0.0054,0.0062,0.3825
29.0000,0.8155,160.7500,0.0056,0.0062,0.3947
30.0000,0.8360,160.7500,0.0057,0.0062,0.4084
31.0000,0.8592,160.7500,0.0059,0.0062,0.4217
32.0000,0.8871,159.7800,0.0057,0.0062,0.4315
33.0000,0.9115,158.1350,0.0057,0.0063,0.4425
34.0000,0.9338,158.1350,0.0057,0.0063,0.4531
35.0000,0.9550,158.1350,0.0058,0.0063,0.4630
36.0000,0.9805,158.1350,0.0055,0.0063,0.4710
37.0000,1.0029,154.7500,0.0057,0.0064,0.4802
38.0000,1.0251,154.7500,0.0055,0.0064,0.4865
39.0000,1.0475,153.2300,0.0054,0.0065,0.4920
40.0000,1.0688,153.2300,0.0057,0.0065,0.4987
41.0000,1.0901,153.2300,0.0057,0.0065,0.5057
42.0000,1.1103,153.2300,0.0061,0.0065,0.5133
43.0000,1.1313,153.2300,0.0057,0.0065,0.5195
44.0000,1.1515,153.2300,0.0060,0.0065,0.5259
45.0000,1.1720,153.2300,0.0060,0.0065,0.5320
46.0000,1.1918,153.2300,0.0062,0.0065,0.5389
47.0000,1.2123,153.2300,0.0058,0.0065,0.5443
48.0000,1.2325,153.2300,0.0060,0.0065,0.5503
49.0000,1.2540,153.2300,0.0057,0.0065,0.5544
50.0000,1.2751,153.2300,0.0060,0.0065,0.5588
51.0000,1.2956,153.1750,0.0061,0.0065,0.5640
52.0000,1.3160,153.1750,0.0062,0.0065,0.5691
53.0000,1.3367,153.1750,0.0057,0.0065,0.5735
54.0000,1.3575,153.1750,0.0060,0.0065,0.5777
55.0000,1.3780,153.1750,0.0060,0.0065,0.5818
56.0000,1.3982,152.6150,0.0061,0.0065,0.5865
57.0000,1.4188,152.6150,0.0060,0.0065,0.5908
58.0000,1.4401,152.6150,0.0060,0.0065,0.5946
59.0000,1.4605,152.6150,0.0062,0.0065,0.5986
60.0000,1.4826,152.2300,0.0057,0.0065,0.6013
61.0000,1.5042,152.2300,0.0061,0.0065,0.6043
62.0000,1.5241,152.2300,0.0062,0.0065,0.6085
63.0000,1.5457,152.2300,0.0060,0.0065,0.6116
64.0000,1.5674,152.2300,0.0060,0.0065,0.6142
65.0000,1.5893,152.2300,0.0060,0.0065,0.6167
66.0000,1.6123,152.2300,0.0060,0.0065,0.6180
67.0000,1.6341,152.2300,0.0061,0.0065,0.6202
68.0000,1.6548,152.2300,0.0062,0.0065,0.6230
69.0000,1.6756,152.2300,0.0061,0.0065,0.6256
70.0000,1.6963,152.2300,0.0062,0.0065,0.6282
71.0000,1.7167,152.2300,0.0061,0.0065,0.6309
72.0000,1.7366,152.2300,0.0062,0.0065,0.6340
73.0000,1.7560,152.2300,0.0064,0.0065,0.6373
74.0000,1.7768,152.2300,0.0058,0.0065,0.6394
75.0000,1.7989,152.2300,0.0059,0.0065,0.6410
76.0000,1.8199,152.2300,0.0059,0.0065,0.6429
77.0000,1.8393,152.2300,0.0061,0.0065,0.6459
78.0000,1.8590,152.2300,0.0062,0.0065,0.6486
79.0000,1.8826,152.2300,0.0061,0.0065,0.6508
80.0000,1.9034,152.2300,0.0060,0.0065,0.6528
81.0000,1.9240,152.2300,0.0058,0.0065,0.6549
82.0000,1.9463,152.2300,0.0059,0.0065,0.6561
83.0000,1.9666,152.2300,0.0061,0.0065,0.6584
84.0000,1.9872,152.2300,0.0062,0.0065,0.6606
85.0000,2.0073,152.2300,0.0062,0.0065,0.6630
86.0000,2.0274,152.2300,0.0062,0.0065,0.6654
87.0000,2.0478,152.2300,0.0061,0.0065,0.6676
88.0000,2.0683,152.2300,0.0058,0.0065,0.6694
89.0000,2.0887,152.2300,0.0059,0.0065,0.6713
90.0000,2.1091,152.2300,0.0060,0.0065,0.6730
91.0000,2.1293,152.2300,0.0061,0.0065,0.6751
92.0000,2.1500,151.7000,0.0060,0.0065,0.6773
93.0000,2.1717,151.7000,0.0062,0.0065,0.6792
94.0000,2.1938,151.7000,0.0058,0.0065,0.6806
95.0000,2.2154,151.7000,0.0060,0.0065,0.6822
96.0000,2.2366,151.7000,0.0059,0.0065,0.6838
97.0000,2.2580,151.7000,0.0059,0.0065,0.6853
98.0000,2.2784,151.4550,0.0062,0.0066,0.6872
99.0000,2.2997,151.4550,0.0061,0.0066,0.6888
100.0000,2.3220,151.2050,0.0061,0.0066,0.6898
101.0000,2.3560,151.2050,0.0060,0.0066,0.6908
102.0000,2.4001,151.2050,0.0059,0.0066,0.6917
103.0000,2.4277,151.2050,0.0061,0.0066,0.6927
104.0000,2.4494,151.2050,0.0061,0.0066,0.6938
105.0000,2.4719,151.2050,0.0061,0.0066,0.6947
106.0000,2.4945,151.2050,0.0061,0.0066,0.6955
107.0000,2.5155,151.2050,0.0060,0.0066,0.6969
108.0000,2.5365,151.2050,0.0060,0.0066,0.6980
109.0000,2.5577,151.0300,0.0064,0.0066,0.6993
110.0000,2.5816,151.0300,0.0057,0.0066,0.6996
111.0000,2.6031,150.9850,0.0062,0.0066,0.7007
112.0000,2.6263,150.9850,0.0060,0.0066,0.7014
113.0000,2.6484,150.9850,0.0062,0.0066,0.7022
114.0000,2.6713,150.9850,0.0059,0.0066,0.7025
115.0000,2.6949,150.9850,0.0059,0.0066,0.7030
116.0000,2.7168,150.9850,0.0061,0.0066,0.7039
117.0000,2.7386,150.9850,0.0060,0.0066,0.7049
118.0000,2.7614,150.9850,0.0059,0.0066,0.7052
119.0000,2.7820,150.9850,0.0062,0.0066,0.7063
120.0000,2.8034,150.9850,0.0060,0.0066,0.7069
121.0000,2.8250,150.9850,0.0058,0.0066,0.7075
122.0000,2.8472,150.9850,0.0059,0.0066,0.7080
123.0000,2.8715,150.9850,0.0062,0.0066,0.7090
124.0000,2.8933,150.9850,0.0061,0.0066,0.7101
125.0000,2.9139,150.9850,0.0062,0.0066,0.7111
126.0000,2.9348,150.9850,0.0062,0.0066,0.7120
127.0000,2.9552,150.7400,0.0061,0.0066,0.7131
128.0000,2.9777,150.7400,0.0059,0.0066,0.7138
129.0000,2.9985,150.7400,0.0060,0.0066,0.7147
130.0000,3.0196,150.7400,0.0060,0.0066,0.7155
131.0000,3.0403,150.7400,0.0060,0.0066,0.7163
132.0000,3.0615,150.7400,0.0060,0.0066,0.7171
133.0000,3.0837,150.7400,0.0060,0.0066,0.7177
134.0000,3.1053,150.7400,0.0060,0.0066,0.7184
135.0000,3.1272,150.7400,0.0061,0.0066,0.7188
136.0000,3.1488,150.7400,0.0061,0.0066,0.7194
137.0000,3.1708,150.7400,0.0062,0.0066,0.7201
138.0000,3.1925,150.7400,0.0060,0.0066,0.7207
139.0000,3.2144,150.7400,0.0061,0.0066,0.7213
140.0000,3.2353,150.7400,0.0061,0.0066,0.7221
141.0000,3.2561,150.7400,0.0062,0.0066,0.7229
142.0000,3.2775,150.7400,0.0059,0.0066,0.7235
143.0000,3.2985,150.7400,0.0062,0.0066,0.7242
144.0000,3.3195,150.7400,0.0060,0.0066,0.7249
145.0000,3.3408,150.7400,0.0062,0.0066,0.7256
146.0000,3.3624,150.7400,0.0060,0.0066,0.7262
147.0000,3.3843,150.7400,0.0058,0.0066,0.7268
148.0000,3.4037,150.7400,0.0063,0.0066,0.7278
149.0000,3.4244,150.7400,0.0061,0.0066,0.7286
150.0000,3.4451,150.7400,0.0061,0.0066,0.7292
151.0000,3.4683,150.7400,0.0058,0.0066,0.7296
152.0000,3.4899,150.7400,0.0060,0.0066,0.7302
153.0000,3.5112,150.7400,0.0061,0.0066,0.7309
154.0000,3.5326,150.7400,0.0058,0.0066,0.7314
155.0000,3.5536,150.7400,0.0060,0.0066,0.7321
156.0000,3.5742,150.7400,0.0060,0.0066,0.7330
157.0000,3.5941,150.7400,0.0062,0.0066,0.7341
158.0000,3.6159,150.7400,0.0059,0.0066,0.7348
159.0000,3.6367,150.7400,0.0063,0.0066,0.7355
160.0000,3.6583,150.7400,0.0060,0.0066,0.7359
161.0000,3.6802,150.7400,0.0060,0.0066,0.7365
162.0000,3.7007,150.7400,0.0062,0.0066,0.7372
163.0000,3.7219,150.7400,0.0060,0.0066,0.7379
164.0000,3.7432,150.7400,0.0059,0.0066,0.7385
165.0000,3.7648,150.7400,0.0062,0.0066,0.7391
166.0000,3.7853,150.7400,0.0062,0.0066,0.7398
167.0000,3.8046,150.7400,0.0062,0.0066,0.7408
168.0000,3.8241,150.7400,0.0063,0.0066,0.7417
169.0000,3.8437,150.7400,0.0062,0.0066,0.7427
170.0000,3.8664,150.7400,0.0059,0.0066,0.7434
171.0000,3.8874,150.7400,0.0063,0.0066,0.7443
172.0000,3.9071,150.7400,0.0063,0.0066,0.7452
173.0000,3.9260,150.7400,0.0063,0.0066,0.7462
174.0000,3.9466,150.7400,0.0060,0.0066,0.7470
175.0000,3.9667,150.7400,0.0061,0.0066,0.7478
176.0000,3.9873,150.7400,0.0058,0.0066,0.7485
177.0000,4.0080,150.7400,0.0062,0.0066,0.7491
178.0000,4.0275,150.7400,0.0060,0.0066,0.7499
179.0000,4.0473,150.7400,0.0059,0.0066,0.7507
180.0000,4.0672,150.7400,0.0060,0.0066,0.7515
181.0000,4.0874,150.7400,0.0061,0.0066,0.7522
182.0000,4.1063,150.7400,0.0060,0.0066,0.7531
183.0000,4.1258,150.7400,0.0061,0.0066,0.7540
184.0000,4.1454,150.7400,0.0061,0.0066,0.7547
185.0000,4.1656,150.7400,0.0062,0.0066,0.7554
186.0000,4.1849,150.7400,0.0060,0.0066,0.7562
187.0000,4.2039,150.7400,0.0060,0.0066,0.7572
188.0000,4.2236,150.7400,0.0060,0.0066,0.7579
189.0000,4.2425,150.7400,0.0062,0.0066,0.7588
190.0000,4.2611,150.7400,0.0062,0.0066,0.7598
191.0000,4.2812,150.7400,0.0060,0.0066,0.7605
192.0000,4.3006,150.7400,0.0061,0.0066,0.7613
193.0000,4.3194,150.7400,0.0063,0.0066,0.7623
194.0000,4.3391,150.7400,0.0060,0.0066,0.7630
195.0000,4.3589,150.7400,0.0063,0.0066,0.7637
196.0000,4.3777,150.7400,0.0062,0.0066,0.7646
197.0000,4.3978,150.7400,0.0056,0.0066,0.7653
198.0000,4.4175,150.7400,0.0060,0.0066,0.7660
199.0000,4.4372,150.7400,0.0061,0.0066,0.7667
200.0000,4.4562,150.7400,0.0059,0.0066,0.7676
201.0000,4.4775,150.7400,0.0058,0.0066,0.7681
202.0000,4.4978,150.7400,0.0059,0.0066,0.7688
203.0000,4.5170,150.7400,0.0063,0.0066,0.7695
204.0000,4.5364,150.7400,0.0060,0.0066,0.7703
205.0000,4.5559,150.7400,0.0060,0.0066,0.7711
206.0000,4.5747,150.7400,0.0062,0.0066,0.7719
207.0000,4.5932,150.7400,0.0064,0.0066,0.7727
208.0000,4.6119,150.7400,0.0063,0.0066,0.7736
209.0000,4.6303,150.7400,0.0064,0.0066,0.7744
210.0000,4.6493,150.7400,0.0062,0.0066,0.7752
211.0000,4.6679,150.7400,0.0064,0.0066,0.7760
212.0000,4.6890,150.7400,0.0060,0.0066,0.7765
213.0000,4.7087,150.7400,0.0059,0.0066,0.7771
214.0000,4.7277,150.7400,0.0061,0.0066,0.7779
215.0000,4.7460,150.7400,0.0062,0.0066,0.7788
216.0000,4.7645,150.7400,0.0063,0.0066,0.7796
217.0000,4.7833,150.7400,0.0062,0.0066,0.7803
218.0000,4.8019,150.7400,0.0062,0.0066,0.7812
219.0000,4.8201,150.7400,0.0065,0.0066,0.7820
220.0000,4.8390,150.7400,0.0061,0.0066,0.7827
221.0000,4.8583,150.7400,0.0059,0.0066,0.7834
222.0000,4.8810,150.7400,0.0059,0.0066,0.7839
223.0000,4.9004,150.7400,0.0063,0.0066,0.7845
224.0000,4.9193,150.7400,0.0061,0.0066,0.7852
225.0000,4.9376,150.7400,0.0062,0.0066,0.7860
226.0000,4.9575,150.7400,0.0059,0.0066,0.7865
227.0000,4.9757,150.7400,0.0063,0.0066,0.7873
228.0000,4.9943,150.7400,0.0063,0.0066,0.7880
229.0000,5.0134,150.7400,0.0060,0.0066,0.7887
230.0000,5.0327,150.7400,0.0061,0.0066,0.7894
231.0000,5.0515,150.7400,0.0061,0.0066,0.7901
232.0000,5.0710,150.7400,0.0059,0.0066,0.7908
233.0000,5.0900,150.7400,0.0062,0.0066,0.7914
234.0000,5.1088,150.7400,0.0062,0.0066,0.7921
235.0000,5.1276,150.7400,0.0065,0.0066,0.7928
236.0000,5.1461,150.7400,0.0060,0.0066,0.7935
237.0000,5.1644,150.7400,0.0059,0.0066,0.7942
238.0000,5.1841,150.7400,0.0060,0.0066,0.7947
239.0000,5.2020,150.7400,0.0065,0.0066,0.7954
240.0000,5.2205,150.7400,0.0060,0.0066,0.7961
241.0000,5.2399,150.7400,0.0062,0.0066,0.7967
242.0000,5.2591,150.7400,0.0057,0.0066,0.7973
243.0000,5.2779,150.7400,0.0061,0.0066,0.7980
244.0000,5.2963,150.7400,0.0065,0.0066,0.7987
245.0000,5.3152,150.7400,0.0062,0.0066,0.7993
246.0000,5.3338,150.7400,0.0061,0.0066,0.7999
247.0000,5.3525,150.7400,0.0061,0.0066,0.8006
248.0000,5.3713,150.7400,0.0062,0.0066,0.8012
249.0000,5.3899,150.7400,0.0064,0.0066,0.8019
250.0000,5.4086,150.7400,0.0062,0.0066,0.8025
251.0000,5.4275,150.7400,0.0060,0.0066,0.8031
252.0000,5.4452,150.7400,0.0064,0.0066,0.8038
253.0000,5.4625,150.7400,0.0064,0.0066,0.8046
254.0000,5.4808,150.7400,0.0061,0.0066,0.8052
255.0000,5.4998,150.6400,0.0059,0.0066,0.8058
256.0000,5.5192,150.6400,0.0062,0.0066,0.8064
257.0000,5.5376,150.6400,0.0059,0.0066,0.8070
258.0000,5.5561,150.6400,0.0061,0.0066,0.8076
259.0000,5.5760,150.6400,0.0061,0.0066,0.8079
260.0000,5.5952,150.6400,0.0062,0.0066,0.8083
261.0000,5.6159,150.6400,0.0061,0.0066,0.8084
262.0000,5.6385,150.6400,0.0060,0.0066,0.8083
263.0000,5.6644,150.6400,0.0059,0.0066,0.8080
264.0000,5.6868,150.6400,0.0061,0.0066,0.8078
265.0000,5.7080,150.6400,0.0060,0.0066,0.8078
266.0000,5.7300,150.6400,0.0060,0.0066,0.8077
267.0000,5.7514,150.6400,0.0058,0.0066,0.8078
268.0000,5.7718,150.6400,0.0062,0.0066,0.8079
269.0000,5.7925,150.6400,0.0059,0.0066,0.8080
270.0000,5.8125,150.6400,0.0063,0.0066,0.8082
271.0000,5.8328,150.6400,0.0062,0.0066,0.8084
272.0000,5.8521,150.6400,0.0065,0.0066,0.8087
273.0000,5.8759,150.6400,0.0063,0.0066,0.8090
274.0000,5.8971,150.6400,0.0060,0.0066,0.8091
275.0000,5.9172,150.6400,0.0065,0.0066,0.8093
276.0000,5.9370,150.6400,0.0063,0.0066,0.8096
277.0000,5.9571,150.6400,0.0062,0.0066,0.8098
278.0000,5.9778,150.6400,0.0061,0.0066,0.8100
279.0000,5.9988,150.6400,0.0063,0.0066,0.8102
280.0000,6.0197,150.6400,0.0059,0.0066,0.8103
281.0000,6.0407,150.6400,0.0059,0.0066,0.8105
282.0000,6.0616,150.6400,0.0062,0.0066,0.8107
283.0000,6.0830,150.6400,0.0060,0.0066,0.8108
284.0000,6.1028,150.6400,0.0063,0.0066,0.8110
285.0000,6.1237,150.6400,0.0063,0.0066,0.8111
286.0000,6.1445,150.6400,0.0061,0.0066,0.8112
287.0000,6.1641,150.6400,0.0062,0.0066,0.8115
288.0000,6.1836,150.6400,0.0063,0.0066,0.8119
289.0000,6.2041,150.6400,0.0060,0.0066,0.8121
290.0000,6.2249,150.6400,0.0063,0.0066,0.8123
291.0000,6.2463,150.6400,0.0059,0.0066,0.8123
292.0000,6.2669,150.6400,0.0060,0.0066,0.8124
293.0000,6.2864,150.6400,0.0058,0.0066,0.8127
294.0000,6.3071,150.6400,0.0059,0.0066,0.8128
295.0000,6.3272,150.6400,0.0058,0.0066,0.8130
296.0000,6.3472,150.6400,0.0060,0.0066,0.8133
297.0000,6.3661,150.6400,0.0061,0.0066,0.8136
298.0000,6.3847,150.6400,0.0064,0.0066,0.8140
299.0000,6.4044,150.6400,0.0062,0.0066,0.8143
300.0000,6.4249,150.6400,0.0059,0.0066,0.8145
301.0000,6.4451,150.6400,0.0060,0.0066,0.8148
302.0000,6.4651,150.6400,0.0060,0.0066,0.8150
303.0000,6.4857,150.6400,0.0061,0.0066,0.8151
304.0000,6.5053,150.6400,0.0061,0.0066,0.8155
305.0000,6.5263,150.6400,0.0061,0.0066,0.8156
306.0000,6.5464,150.6400,0.0060,0.0066,0.8158
307.0000,6.5659,150.6400,0.0061,0.0066,0.8161
308.0000,6.5856,150.6400,0.0060,0.0066,0.8164
309.0000,6.6044,150.6400,0.0059,0.0066,0.8168
310.0000,6.6238,150.6400,0.0061,0.0066,0.8171
311.0000,6.6437,150.6400,0.0061,0.0066,0.8173
312.0000,6.6630,150.6400,0.0062,0.0066,0.8176
313.0000,6.6822,150.6400,0.0062,0.0066,0.8179
314.0000,6.7017,150.6400,0.0060,0.0066,0.8182
315.0000,6.7213,150.6400,0.0061,0.0066,0.8185
316.0000,6.7415,150.6400,0.0058,0.0066,0.8187
317.0000,6.7653,150.6400,0.0060,0.0066,0.8190
318.0000,6.7855,150.6400,0.0057,0.0066,0.8192
319.0000,6.8047,150.6400,0.0062,0.0066,0.8196
320.0000,6.8240,150.6400,0.0062,0.0066,0.8199
321.0000,6.8438,150.6400,0.0059,0.0066,0.8202
322.0000,6.8653,150.6400,0.0062,0.0066,0.8205
323.0000,6.8852,150.6400,0.0061,0.0066,0.8208
324.0000,6.9053,150.6400,0.0059,0.0066,0.8211
325.0000,6.9248,150.6400,0.0060,0.0066,0.8214
326.0000,6.9439,150.6400,0.0060,0.0066,0.8217
327.0000,6.9639,150.6400,0.0062,0.0066,0.8220
328.0000,6.9830,150.6400,0.0064,0.0066,0.8224
329.0000,7.0033,150.6400,0.0059,0.0066,0.8226
330.0000,7.0224,150.6400,0.0062,0.0066,0.8229
331.0000,7.0423,150.6400,0.0060,0.0066,0.8232
332.0000,7.0611,150.6400,0.0060,0.0066,0.8235
333.0000,7.0800,150.6400,0.0062,0.0066,0.8239
334.0000,7.0991,150.6400,0.0062,0.0066,0.8242
335.0000,7.1182,150.6400,0.0062,0.0066,0.8246
336.0000,7.1363,150.6400,0.0062,0.0066,0.8250
337.0000,7.1556,150.6400,0.0061,0.0066,0.8253
338.0000,7.1744,150.6400,0.0060,0.0066,0.8257
339.0000,7.1930,150.6400,0.0062,0.0066,0.8260
340.0000,7.2115,150.6400,0.0059,0.0066,0.8264
341.0000,7.2302,150.6400,0.0063,0.0066,0.8267
342.0000,7.2490,150.6400,0.0062,0.0066,0.8271
343.0000,7.2677,150.6400,0.0062,0.0066,0.8274
344.0000,7.2865,150.6400,0.0059,0.0066,0.8278
345.0000,7.3050,150.6400,0.0062,0.0066,0.8282
346.0000,7.3231,150.6400,0.0062,0.0066,0.8286
347.0000,7.3417,150.6400,0.0060,0.0066,0.8290
348.0000,7.3611,150.6400,0.0061,0.0066,0.8292
349.0000,7.3799,150.6400,0.0059,0.0066,0.8296
350.0000,7.3994,150.6400,0.0063,0.0066,0.8299
351.0000,7.4192,150.6400,0.0058,0.0066,0.8302
352.0000,7.4384,150.6400,0.0062,0.0066,0.8305
353.0000,7.4579,150.6400,0.0061,0.0066,0.8309
354.0000,7.4767,150.6400,0.0061,0.0066,0.8312
355.0000,7.4952,150.6400,0.0061,0.0066,0.8316
356.0000,7.5145,150.6400,0.0061,0.0066,0.8319
357.0000,7.5341,150.6400,0.0061,0.0066,0.8322
358.0000,7.5524,150.6400,0.0064,0.0066,0.8325
359.0000,7.5708,150.6400,0.0061,0.0066,0.8329
360.0000,7.5894,150.6400,0.0062,0.0066,0.8333
361.0000,7.6080,150.6400,0.0062,0.0066,0.8336
362.0000,7.6261,150.6400,0.0062,0.0066,0.8340
363.0000,7.6446,150.6400,0.0062,0.0066,0.8344
364.0000,7.6632,150.6400,0.0063,0.0066,0.8347
365.0000,7.6819,150.6400,0.0060,0.0066,0.8351
366.0000,7.7009,150.6400,0.0061,0.0066,0.8353
367.0000,7.7197,150.6400,0.0061,0.0066,0.8356
368.0000,7.7381,150.6400,0.0063,0.0066,0.8360
369.0000,7.7570,150.6400,0.0059,0.0066,0.8363
370.0000,7.7760,150.6400,0.0059,0.0066,0.8366
371.0000,7.7954,150.6400,0.0060,0.0066,0.8369
372.0000,7.8152,150.6400,0.0061,0.0066,0.8371
373.0000,7.8334,150.6400,0.0064,0.0066,0.8375
374.0000,7.8522,150.6400,0.0062,0.0066,0.8378
375.0000,7.8763,150.6400,0.0061,0.0066,0.8381
376.0000,7.8947,150.6400,0.0061,0.0066,0.8385
377.0000,7.9130,150.6400,0.0063,0.0066,0.8389
378.0000,7.9325,150.6400,0.0059,0.0066,0.8391
379.0000,7.9515,150.6400,0.0056,0.0066,0.8394
380.0000,7.9704,150.6400,0.0062,0.0066,0.8397
381.0000,7.9895,150.6400,0.0060,0.0066,0.8400
382.0000,8.0079,150.6400,0.0061,0.0066,0.8403
383.0000,8.0273,150.6400,0.0061,0.0066,0.8406
384.0000,8.0454,150.6400,0.0061,0.0066,0.8409
385.0000,8.0639,150.6400,0.0059,0.0066,0.8413
386.0000,8.0826,150.6400,0.0061,0.0066,0.8416
387.0000,8.1011,150.6400,0.0062,0.0066,0.8419
388.0000,8.1192,150.6400,0.0063,0.0066,0.8422
389.0000,8.1382,150.6400,0.0061,0.0066,0.8425
390.0000,8.1561,150.6400,0.0061,0.0066,0.8429
391.0000,8.1749,150.6400,0.0059,0.0066,0.8432
392.0000,8.1939,150.6400,0.0060,0.0066,0.8435
393.0000,8.2127,150.6400,0.0058,0.0066,0.8438
394.0000,8.2304,150.6400,0.0061,0.0066,0.8441
395.0000,8.2487,150.6400,0.0059,0.0066,0.8445
396.0000,8.2672,150.6400,0.0063,0.0066,0.8447
397.0000,8.2856,150.6400,0.0062,0.0066,0.8450
398.0000,8.3040,150.6400,0.0061,0.0066,0.8453
399.0000,8.3221,150.6400,0.0061,0.0066,0.8457
400.0000,8.3403,150.6400,0.0063,0.0066,0.8461
401.0000,8.3596,150.6400,0.0062,0.0066,0.8463
402.0000,8.3780,150.6400,0.0059,0.0066,0.8467
403.0000,8.3971,150.2650,0.0062,0.0066,0.8469
404.0000,8.4159,150.2650,0.0060,0.0066,0.8472
405.0000,8.4342,150.2650,0.0063,0.0066,0.8475
406.0000,8.4544,150.2650,0.0058,0.0066,0.8476
407.0000,8.4743,150.2650,0.0061,0.0066,0.8477
408.0000,8.4952,150.2650,0.0061,0.0066,0.8477
409.0000,8.5164,150.2650,0.0060,0.0066,0.8476
410.0000,8.5378,150.2650,0.0060,0.0066,0.8475
411.0000,8.5591,150.2650,0.0062,0.0066,0.8475
412.0000,8.5788,150.2650,0.0062,0.0066,0.8475
413.0000,8.6003,150.2650,0.0060,0.0066,0.8475
414.0000,8.6212,150.2650,0.0062,0.0066,0.8475
415.0000,8.6427,150.2650,0.0061,0.0066,0.8474
416.0000,8.6623,150.2650,0.0064,0.0066,0.8475
417.0000,8.6825,150.2650,0.0063,0.0066,0.8476
418.0000,8.7031,150.2650,0.0063,0.0066,0.8476
419.0000,8.7231,150.2650,0.0063,0.0066,0.8477
420.0000,8.7435,150.2650,0.0062,0.0066,0.8477
421.0000,8.7638,150.2650,0.0062,0.0066,0.8478
422.0000,8.7844,150.2650,0.0063,0.0066,0.8479
423.0000,8.8052,150.2650,0.0063,0.0066,0.8480
424.0000,8.8258,150.2650,0.0062,0.0066,0.8479
425.0000,8.8471,150.2650,0.0060,0.0066,0.8479
426.0000,8.8712,150.2650,0.0061,0.0066,0.8480
427.0000,8.8920,150.2650,0.0059,0.0066,0.8480
428.0000,8.9122,150.2650,0.0063,0.0066,0.8481
429.0000,8.9332,150.2650,0.0061,0.0066,0.8480
430.0000,8.9548,150.2650,0.0061,0.0066,0.8480
431.0000,8.9776,150.2650,0.0059,0.0066,0.8478
432.0000,8.9992,150.2650,0.0057,0.0066,0.8477
433.0000,9.0206,150.2650,0.0059,0.0066,0.8477
434.0000,9.0408,150.2650,0.0060,0.0066,0.8477
435.0000,9.0614,150.2650,0.0059,0.0066,0.8478
436.0000,9.0816,150.2650,0.0061,0.0066,0.8478
437.0000,9.1032,150.2650,0.0058,0.0066,0.8477
438.0000,9.1228,150.2650,0.0063,0.0066,0.8479
439.0000,9.1430,150.2650,0.0060,0.0066,0.8480
440.0000,9.1628,150.2650,0.0062,0.0066,0.8481
441.0000,9.1827,150.2650,0.0063,0.0066,0.8483
442.0000,9.2041,150.2650,0.0057,0.0066,0.8482
443.0000,9.2242,150.2650,0.0060,0.0066,0.8483
444.0000,9.2440,150.2650,0.0061,0.0066,0.8484
445.0000,9.2643,150.2650,0.0060,0.0066,0.8484
446.0000,9.2846,150.2650,0.0062,0.0066,0.8484
447.0000,9.3054,150.2650,0.0058,0.0066,0.8485
448.0000,9.3244,150.2650,0.0062,0.0066,0.8487
449.0000,9.3433,150.2650,0.0062,0.0066,0.8488
450.0000,9.3626,150.2650,0.0062,0.0066,0.8490
451.0000,9.3826,150.2650,0.0061,0.0066,0.8491
452.0000,9.4029,150.2650,0.0059,0.0066,0.8492
453.0000,9.4218,150.2650,0.0063,0.0066,0.8494
454.0000,9.4417,150.2650,0.0060,0.0066,0.8495
455.0000,9.4619,150.2650,0.0060,0.0066,0.8496
456.0000,9.4810,150.2650,0.0063,0.0066,0.8497
457.0000,9.4998,150.2650,0.0063,0.0066,0.8499
458.0000,9.5195,150.2650,0.0063,0.0066,0.8500
459.0000,9.5386,150.2650,0.0061,0.0066,0.8502
460.0000,9.5590,150.2650,0.0061,0.0066,0.8503
461.0000,9.5788,150.2650,0.0062,0.0066,0.8504
462.0000,9.5977,150.2650,0.0064,0.0066,0.8506
463.0000,9.6182,150.2650,0.0059,0.0066,0.8507
464.0000,9.6373,150.2650,0.0062,0.0066,0.8508
465.0000,9.6566,150.2650,0.0062,0.0066,0.8510
466.0000,9.6770,150.2650,0.0061,0.0066,0.8511
467.0000,9.6965,150.2650,0.0062,0.0066,0.8512
468.0000,9.7162,150.2650,0.0061,0.0066,0.8513
469.0000,9.7360,150.2650,0.0060,0.0066,0.8514
470.0000,9.7547,150.2650,0.0062,0.0066,0.8517
471.0000,9.7749,150.2650,0.0060,0.0066,0.8517
472.0000,9.7935,150.2650,0.0063,0.0066,0.8519
473.0000,9.8133,150.2650,0.0060,0.0066,0.8521
474.0000,9.8325,150.2650,0.0061,0.0066,0.8522
475.0000,9.8519,150.2650,0.0061,0.0066,0.8524
476.0000,9.8716,150.2650,0.0060,0.0066,0.8526
477.0000,9.8916,150.2650,0.0060,0.0066,0.8527
478.0000,9.9107,150.2650,0.0063,0.0066,0.8529
479.0000,9.9293,150.2650,0.0062,0.0066,0.8531
480.0000,9.9489,150.2650,0.0062,0.0066,0.8532
481.0000,9.9677,150.2650,0.0062,0.0066,0.8534
482.0000,9.9875,150.2650,0.0059,0.0066,0.8535
483.0000,10.0067,150.2650,0.0062,0.0066,0.8537
484.0000,10.0262,150.2650,0.0060,0.0066,0.8538
485.0000,10.0447,150.2650,0.0061,0.0066,0.8540
486.0000,10.0632,150.2650,0.0060,0.0066,0.8542
487.0000,10.0826,150.2650,0.0062,0.0066,0.8544
488.0000,10.1014,150.2650,0.0064,0.0066,0.8546
489.0000,10.1206,150.2650,0.0063,0.0066,0.8547
490.0000,10.1400,150.2650,0.0061,0.0066,0.8548
491.0000,10.1606,150.2650,0.0057,0.0066,0.8549
492.0000,10.1797,150.2650,0.0063,0.0066,0.8551
493.0000,10.1991,150.2650,0.0061,0.0066,0.8552
494.0000,10.2195,150.2650,0.0060,0.0066,0.8553
495.0000,10.2387,150.2650,0.0059,0.0066,0.8554
496.0000,10.2576,150.2650,0.0060,0.0066,0.8556
497.0000,10.2765,150.2650,0.0062,0.0066,0.8558
498.0000,10.2950,150.2650,0.0064,0.0066,0.8560
499.0000,10.3134,150.2650,0.0057,0.0066,0.8562
500.0000,10.3327,150.2650,0.0059,0.0066,0.8564
501.0000,10.3519,150.2650,0.0062,0.0066,0.8566
502.0000,10.3706,150.2650,0.0061,0.0066,0.8568
503.0000,10.3893,150.2650,0.0062,0.0066,0.8570
504.0000,10.4073,150.2650,0.0061,0.0066,0.8572
505.0000,10.4258,150.2650,0.0061,0.0066,0.8574
506.0000,10.4448,150.2650,0.0063,0.0066,0.8576
507.0000,10.4633,150.2650,0.0060,0.0066,0.8578
508.0000,10.4834,150.2650,0.0058,0.0066,0.8579
509.0000,10.5024,150.2650,0.0061,0.0066,0.8581
510.0000,10.5203,150.2650,0.0064,0.0066,0.8583
511.0000,10.5385,150.2650,0.0061,0.0066,0.8585
512.0000,10.5572,150.2650,0.0059,0.0066,0.8587
513.0000,10.5758,150.2650,0.0064,0.0066,0.8589
514.0000,10.5950,150.2650,0.0063,0.0066,0.8591
515.0000,10.6126,150.2650,0.0061,0.0066,0.8593
516.0000,10.6308,150.2650,0.0062,0.0066,0.8596
517.0000,10.6497,150.2650,0.0059,0.0066,0.8597
518.0000,10.6683,150.2650,0.0059,0.0066,0.8599
519.0000,10.6873,150.2650,0.0060,0.0066,0.8601
520.0000,10.7063,150.2650,0.0060,0.0066,0.8603
521.0000,10.7250,150.2650,0.0060,0.0066,0.8605
522.0000,10.7447,150.2650,0.0058,0.0066,0.8606
523.0000,10.7642,150.2650,0.0063,0.0066,0.8607
524.0000,10.7824,150.2650,0.0059,0.0066,0.8610
525.0000,10.8008,150.2650,0.0062,0.0066,0.8612
526.0000,10.8191,150.2650,0.0063,0.0066,0.8614
527.0000,10.8376,150.2650,0.0058,0.0066,0.8615
528.0000,10.8561,150.2650,0.0061,0.0066,0.8617
529.0000,10.8762,150.2650,0.0061,0.0066,0.8619
530.0000,10.8953,150.2650,0.0062,0.0066,0.8621
531.0000,10.9133,150.2650,0.0061,0.0066,0.8623
532.0000,10.9313,150.2650,0.0063,0.0066,0.8625
533.0000,10.9495,150.2650,0.0061,0.0066,0.8627
534.0000,10.9679,150.2650,0.0061,0.0066,0.8629
535.0000,10.9866,150.2650,0.0061,0.0066,0.8631
536.0000,11.0054,150.2650,0.0064,0.0066,0.8633
537.0000,11.0245,150.2650,0.0059,0.0066,0.8635
538.0000,11.0426,150.2650,0.0060,0.0066,0.8637
539.0000,11.0617,150.2650,0.0060,0.0066,0.8638
540.0000,11.0798,150.2650,0.0059,0.0066,0.8640
541.0000,11.0983,150.2650,0.0061,0.0066,0.8642
542.0000,11.1169,150.2650,0.0060,0.0066,0.8644
543.0000,11.1345,150.2650,0.0064,0.0066,0.8647
544.0000,11.1535,150.2650,0.0056,0.0066,0.8648
545.0000,11.1718,150.2650,0.0065,0.0066,0.8650
546.0000,11.1899,150.2650,0.0061,0.0066,0.8652
547.0000,11.2085,150.2650,0.0058,0.0066,0.8654
548.0000,11.2264,150.2650,0.0061,0.0066,0.8656
549.0000,11.2445,150.2650,0.0062,0.0066,0.8659
550.0000,11.2631,150.2650,0.0062,0.0066,0.8660
551.0000,11.2821,150.2650,0.0060,0.0066,0.8662
552.0000,11.3002,150.2650,0.0062,0.0066,0.8664
553.0000,11.3192,150.2650,0.0063,0.0066,0.8666
554.0000,11.3379,150.2650,0.0064,0.0066,0.8667
555.0000,11.3564,150.2650,0.0059,0.0066,0.8669
556.0000,11.3746,150.2650,0.0062,0.0066,0.8671
557.0000,11.3928,150.2650,0.0062,0.0066,0.8673
558.0000,11.4110,150.2650,0.0062,0.0066,0.8674
559.0000,11.4292,150.2650,0.0061,0.0066,0.8677
560.0000,11.4473,150.2650,0.0063,0.0066,0.8679
561.0000,11.4661,150.2650,0.0058,0.0066,0.8680
562.0000,11.4846,150.2650,0.0060,0.0066,0.8682
563.0000,11.5031,150.2650,0.0060,0.0066,0.8684
564.0000,11.5219,150.2650,0.0061,0.0066,0.8686
565.0000,11.5405,150.2650,0.0060,0.0066,0.8687
566.0000,11.5593,150.2650,0.0058,0.0066,0.8689
567.0000,11.5773,150.2650,0.0062,0.0066,0.8691
568.0000,11.5959,150.2650,0.0062,0.0066,0.8693
569.0000,11.6143,150.2650,0.0060,0.0066,0.8695
570.0000,11.6321,150.2650,0.0061,0.0066,0.8697
571.0000,11.6507,150.2650,0.0061,0.0066,0.8698
572.0000,11.6689,150.2650,0.0060,0.0066,0.8700
573.0000,11.6874,150.2650,0.0061,0.0066,0.8702
574.0000,11.7055,150.2650,0.0060,0.0066,0.8704
575.0000,11.7227,150.2650,0.0063,0.0066,0.8706
576.0000,11.7415,150.2650,0.0063,0.0066,0.8708
577.0000,11.7594,150.2650,0.0062,0.0066,0.8710
578.0000,11.7778,150.2650,0.0060,0.0066,0.8711
579.0000,11.7962,150.2650,0.0062,0.0066,0.8713
580.0000,11.8143,150.2650,0.0059,0.0066,0.8715
581.0000,11.8326,150.2650,0.0062,0.0066,0.8717
582.0000,11.8508,150.2650,0.0061,0.0066,0.8719
583.0000,11.8707,150.2650,0.0061,0.0066,0.8721
584.0000,11.8905,150.2650,0.0064,0.0066,0.8723
585.0000,11.9086,150.2650,0.0064,0.0066,0.8724
586.0000,11.9268,150.2650,0.0059,0.0066,0.8726
587.0000,11.9446,150.2650,0.0063,0.0066,0.8728
588.0000,11.9625,150.2650,0.0061,0.0066,0.8730
589.0000,11.9812,150.2650,0.0060,0.0066,0.8732
590.0000,11.9990,150.2650,0.0063,0.0066,0.8734
591.0000,12.0170,150.2650,0.0060,0.0066,0.8736
592.0000,12.0355,150.2650,0.0058,0.0066,0.8738
593.0000,12.0527,150.2650,0.0063,0.0066,0.8740
594.0000,12.0710,150.2650,0.0059,0.0066,0.8741
595.0000,12.0890,150.2650,0.0063,0.0066,0.8743
596.0000,12.1069,150.2650,0.0060,0.0066,0.8745
597.0000,12.1244,150.2650,0.0061,0.0066,0.8747
598.0000,12.1424,150.2650,0.0063,0.0066,0.8749
599.0000,12.1607,150.2650,0.0059,0.0066,0.8751
600.0000,12.1781,150.2650,0.0061,0.0066,0.8753
601.0000,12.1968,150.2650,0.0063,0.0066,0.8755
602.0000,12.2147,150.2650,0.0058,0.0066,0.8757
603.0000,12.2329,150.2650,0.0061,0.0066,0.8758
604.0000,12.2507,150.2650,0.0060,0.0066,0.8760
605.0000,12.2688,150.2650,0.0060,0.0066,0.8762
606.0000,12.2867,150.2650,0.0062,0.0066,0.8764
607.0000,12.3041,150.2650,0.0061,0.0066,0.8766
608.0000,12.3217,150.2650,0.0062,0.0066,0.8767
609.0000,12.3394,150.2650,0.0062,0.0066,0.8769
610.0000,12.3572,150.2650,0.0061,0.0066,0.8771
611.0000,12.3747,150.2650,0.0064,0.0066,0.8773
612.0000,12.3930,150.2650,0.0062,0.0066,0.8775
613.0000,12.4107,150.2650,0.0062,0.0066,0.8776
614.0000,12.4291,150.2650,0.0057,0.0066,0.8778
615.0000,12.4471,150.2650,0.0064,0.0066,0.8780
616.0000,12.4647,150.2650,0.0064,0.0066,0.8781
617.0000,12.4832,150.2650,0.0057,0.0066,0.8783
618.0000,12.5007,150.2650,0.0060,0.0066,0.8785
619.0000,12.5188,150.2650,0.0062,0.0066,0.8787
620.0000,12.5366,150.2650,0.0059,0.0066,0.8788
621.0000,12.5542,150.2650,0.0062,0.0066,0.8790
622.0000,12.5723,150.2650,0.0062,0.0066,0.8792
623.0000,12.5898,150.2650,0.0061,0.0066,0.8793
624.0000,12.6075,150.2650,0.0065,0.0066,0.8795
625.0000,12.6254,150.2650,0.0061,0.0066,0.8797
626.0000,12.6428,150.2650,0.0062,0.0066,0.8799
627.0000,12.6606,150.2650,0.0062,0.0066,0.8801
628.0000,12.6786,150.2650,0.0062,0.0066,0.8802
629.0000,12.6963,150.2650,0.0061,0.0066,0.8804
630.0000,12.7135,150.2650,0.0060,0.0066,0.8806
631.0000,12.7313,150.2650,0.0063,0.0066,0.8808
632.0000,12.7493,150.2650,0.0062,0.0066,0.8809
633.0000,12.7672,150.2650,0.0061,0.0066,0.8811
634.0000,12.7858,150.2650,0.0060,0.0066,0.8812
635.0000,12.8031,150.2650,0.0065,0.0066,0.8814
636.0000,12.8206,150.2650,0.0062,0.0066,0.8816
637.0000,12.8382,150.2650,0.0060,0.0066,0.8818
638.0000,12.8564,150.2650,0.0060,0.0066,0.8819
639.0000,12.8751,150.2650,0.0062,0.0066,0.8821
640.0000,12.8943,150.2650,0.0060,0.0066,0.8823
641.0000,12.9122,150.2650,0.0061,0.0066,0.8824
642.0000,12.9304,150.2650,0.0060,0.0066,0.8826
643.0000,12.9480,150.2650,0.0060,0.0066,0.8828
644.0000,12.9663,150.2650,0.0062,0.0066,0.8829
645.0000,12.9841,150.2650,0.0060,0.0066,0.8831
646.0000,13.0017,150.2650,0.0063,0.0066,0.8833
647.0000,13.0192,150.2650,0.0063,0.0066,0.8834
648.0000,13.0368,150.2650,0.0064,0.0066,0.8836
649.0000,13.0550,150.2650,0.0059,0.0066,0.8838
650.0000,13.0724,150.2650,0.0064,0.0066,0.8839
651.0000,13.0904,150.2650,0.0061,0.0066,0.8841
652.0000,13.1082,150.2650,0.0063,0.0066,0.8843
653.0000,13.1258,150.2650,0.0061,0.0066,0.8845
654.0000,13.1435,150.2650,0.0062,0.0066,0.8846
655.0000,13.1616,150.2650,0.0060,0.0066,0.8848
656.0000,13.1799,150.2650,0.0060,0.0066,0.8850
657.0000,13.1975,150.2650,0.0061,0.0066,0.8851
658.0000,13.2155,150.2650,0.0060,0.0066,0.8853
659.0000,13.2332,150.2650,0.0061,0.0066,0.8855
660.0000,13.2510,150.2650,0.0063,0.0066,0.8856
661.0000,13.2686,150.2650,0.0063,0.0066,0.8858
662.0000,13.2866,150.2650,0.0063,0.0066,0.8859
663.0000,13.3039,150.2650,0.0062,0.0066,0.8861
664.0000,13.3219,150.2650,0.0061,0.0066,0.8863
665.0000,13.3399,150.2650,0.0061,0.0066,0.8864
666.0000,13.3579,150.2650,0.0064,0.0066,0.8866
667.0000,13.3759,150.2650,0.0061,0.0066,0.8867
668.0000,13.3938,150.2650,0.0061,0.0066,0.8869
669.0000,13.4114,150.2650,0.0062,0.0066,0.8871
670.0000,13.4290,150.2650,0.0064,0.0066,0.8872
671.0000,13.4465,150.2650,0.0060,0.0066,0.8874
672.0000,13.4641,150.2650,0.0061,0.0066,0.8875
673.0000,13.4820,150.2650,0.0058,0.0066,0.8877
674.0000,13.4998,150.2650,0.0056,0.0066,0.8879
675.0000,13.5173,150.2650,0.0061,0.0066,0.8880
676.0000,13.5349,150.2650,0.0059,0.0066,0.8882
677.0000,13.5524,150.2650,0.0059,0.0066,0.8883
678.0000,13.5703,150.2650,0.0060,0.0066,0.8885
679.0000,13.5881,150.2650,0.0061,0.0066,0.8886
680.0000,13.6059,150.2650,0.0061,0.0066,0.8888
681.0000,13.6244,150.2650,0.0063,0.0066,0.8889
682.0000,13.6421,150.2650,0.0063,0.0066,0.8891
683.0000,13.6596,150.2650,0.0061,0.0066,0.8893
684.0000,13.6774,150.2650,0.0060,0.0066,0.8894
685.0000,13.6949,150.2650,0.0062,0.0066,0.8896
686.0000,13.7126,150.2650,0.0060,0.0066,0.8897
687.0000,13.7304,150.2650,0.0062,0.0066,0.8898
688.0000,13.7483,150.2650,0.0057,0.0066,0.8900
689.0000,13.7662,150.2650,0.0061,0.0066,0.8901
690.0000,13.7839,150.2650,0.0060,0.0066,0.8903
691.0000,13.8017,150.2650,0.0064,0.0066,0.8904
692.0000,13.8191,150.2650,0.0062,0.0066,0.8906
693.0000,13.8366,150.2650,0.0062,0.0066,0.8907
694.0000,13.8554,150.2650,0.0062,0.0066,0.8909
695.0000,13.8744,150.2650,0.0060,0.0066,0.8910
696.0000,13.8917,150.2650,0.0062,0.0066,0.8912
697.0000,13.9094,150.2650,0.0057,0.0066,0.8913
698.0000,13.9274,150.2650,0.0058,0.0066,0.8915
699.0000,13.9454,150.2650,0.0058,0.0066,0.8916
700.0000,13.9630,150.2650,0.0062,0.0066,0.8918
701.0000,13.9814,150.2650,0.0059,0.0066,0.8919
702.0000,13.9993,150.2650,0.0059,0.0066,0.8921
703.0000,14.0173,150.2650,0.0059,0.0066,0.8922
704.0000,14.0349,150.2650,0.0061,0.0066,0.8923
705.0000,14.0532,150.2650,0.0061,0.0066,0.8925
706.0000,14.0747,150.2650,0.0060,0.0066,0.8926
707.0000,14.1011,150.2650,0.0060,0.0066,0.8928
708.0000,14.1238,150.2650,0.0063,0.0066,0.8929
709.0000,14.1421,150.2650,0.0062,0.0066,0.8931
710.0000,14.1597,150.2650,0.0062,0.0066,0.8932
711.0000,14.1778,150.2650,0.0061,0.0066,0.8933
712.0000,14.1964,150.2650,0.0062,0.0066,0.8935
713.0000,14.2140,150.2650,0.0063,0.0066,0.8936
714.0000,14.2319,150.2650,0.0060,0.0066,0.8938
715.0000,14.2496,150.2650,0.0061,0.0066,0.8939
716.0000,14.2673,150.2650,0.0061,0.0066,0.8940
717.0000,14.2855,150.2650,0.0058,0.0066,0.8942
718.0000,14.3033,150.2650,0.0062,0.0066,0.8943
719.0000,14.3216,150.2650,0.0064,0.0066,0.8944
720.0000,14.3396,150.2650,0.0058,0.0066,0.8946
721.0000,14.3571,150.2650,0.0061,0.0066,0.8947
722.0000,14.3745,150.2650,0.0063,0.0066,0.8949
723.0000,14.3922,150.2650,0.0060,0.0066,0.8950
724.0000,14.4101,150.2650,0.0062,0.0066,0.8951
725.0000,14.4278,150.2650,0.0058,0.0066,0.8953
726.0000,14.4456,150.2650,0.0064,0.0066,0.8954
727.0000,14.4635,150.2650,0.0063,0.0066,0.8956
728.0000,14.4814,150.2650,0.0059,0.0066,0.8957
729.0000,14.4988,150.2650,0.0065,0.0066,0.8958
730.0000,14.5170,150.2650,0.0061,0.0066,0.8960
731.0000,14.5349,150.2650,0.0063,0.0066,0.8961
732.0000,14.5525,150.2650,0.0063,0.0066,0.8963
733.0000,14.5702,150.2650,0.0060,0.0066,0.8964
734.0000,14.5884,150.2650,0.0059,0.0066,0.8965
735.0000,14.6062,150.2650,0.0059,0.0066,0.8967
736.0000,14.6240,150.2650,0.0061,0.0066,0.8968
737.0000,14.6420,150.2650,0.0062,0.0066,0.8969
738.0000,14.6596,150.2650,0.0063,0.0066,0.8971
739.0000,14.6774,150.2650,0.0061,0.0066,0.8972
740.0000,14.6959,150.2650,0.0060,0.0066,0.8974
741.0000,14.7150,150.2650,0.0060,0.0066,0.8975
742.0000,14.7350,150.2650,0.0060,0.0066,0.8976
743.0000,14.7544,150.2650,0.0061,0.0066,0.8977
744.0000,14.7738,150.2650,0.0062,0.0066,0.8979
745.0000,14.7922,150.2650,0.0061,0.0066,0.8980
746.0000,14.8098,150.2650,0.0061,0.0066,0.8981
747.0000,14.8275,150.2650,0.0060,0.0066,0.8983
748.0000,14.8452,150.2650,0.0060,0.0066,0.8984
749.0000,14.8698,150.2650,0.0064,0.0066,0.8985
750.0000,14.8883,150.2650,0.0059,0.0066,0.8987
751.0000,14.9067,150.2650,0.0057,0.0066,0.8988
752.0000,14.9248,150.2650,0.0062,0.0066,0.8989
753.0000,14.9420,150.2650,0.0062,0.0066,0.8990
754.0000,14.9601,150.2650,0.0058,0.0066,0.8991
755.0000,14.9783,150.2650,0.0059,0.0066,0.8992
756.0000,14.9961,150.2650,0.0059,0.0066,0.8994
757.0000,15.0132,150.2650,0.0064,0.0066,0.8995
758.0000,15.0310,150.2650,0.0062,0.0066,0.8996
759.0000,15.0486,150.2650,0.0058,0.0066,0.8998
760.0000,15.0659,150.2650,0.0061,0.0066,0.8999
761.0000,15.0835,150.2650,0.0061,0.0066,0.9000
762.0000,15.1008,150.2650,0.0063,0.0066,0.9001
763.0000,15.1197,150.2650,0.0062,0.0066,0.9003
764.0000,15.1380,150.2650,0.0059,0.0066,0.9004
765.0000,15.1565,150.2650,0.0058,0.0066,0.9005
766.0000,15.1748,150.2650,0.0063,0.0066,0.9006
767.0000,15.1928,150.2650,0.0060,0.0066,0.9008
768.0000,15.2109,150.2650,0.0061,0.0066,0.9009
769.0000,15.2286,150.2650,0.0060,0.0066,0.9010
770.0000,15.2469,150.2650,0.0061,0.0066,0.9011
771.0000,15.2652,150.2650,0.0060,0.0066,0.9013
772.0000,15.2830,150.2650,0.0062,0.0066,0.9014
773.0000,15.3010,150.2650,0.0064,0.0066,0.9015
774.0000,15.3190,150.2650,0.0063,0.0066,0.9016
775.0000,15.3370,150.2650,0.0062,0.0066,0.9017
776.0000,15.3547,150.2650,0.0061,0.0066,0.9019
777.0000,15.3726,150.2650,0.0061,0.0066,0.9020
778.0000,15.3907,150.2650,0.0062,0.0066,0.9021
779.0000,15.4089,150.2650,0.0061,0.0066,0.9022
780.0000,15.4267,150.2650,0.0062,0.0066,0.9023
781.0000,15.4453,150.2650,0.0060,0.0066,0.9025
782.0000,15.4632,150.2650,0.0059,0.0066,0.9026
783.0000,15.4813,150.2650,0.0060,0.0066,0.9027
784.0000,15.4993,150.2650,0.0061,0.0066,0.9028
785.0000,15.5173,150.2650,0.0061,0.0066,0.9030
786.0000,15.5350,150.2650,0.0062,0.0066,0.9031
787.0000,15.5527,150.2650,0.0062,0.0066,0.9032
788.0000,15.5703,150.2650,0.0062,0.0066,0.9033
789.0000,15.5883,150.2650,0.0060,0.0066,0.9034
790.0000,15.6060,150.2650,0.0062,0.0066,0.9036
791.0000,15.6240,150.2650,0.0063,0.0066,0.9037
792.0000,15.6420,150.2650,0.0060,0.0066,0.9038
793.0000,15.6602,150.2650,0.0060,0.0066,0.9039
794.0000,15.6779,150.2650,0.0063,0.0066,0.9040
795.0000,15.6956,150.2650,0.0064,0.0066,0.9042
796.0000,15.7130,150.2650,0.0063,0.0066,0.9043
797.0000,15.7306,150.2650,0.0061,0.0066,0.9044
798.0000,15.7482,150.2650,0.0060,0.0066,0.9045
799.0000,15.7659,150.2650,0.0062,0.0066,0.9046
800.0000,15.7839,150.2650,0.0059,0.0066,0.9047
801.0000,15.8020,150.2650,0.0057,0.0066,0.9049
802.0000,15.8203,150.2650,0.0057,0.0066,0.9050
803.0000,15.8380,150.2650,0.0063,0.0066,0.9051
804.0000,15.8558,150.2650,0.0062,0.0066,0.9052
805.0000,15.8745,150.2650,0.0061,0.0066,0.9053
806.0000,15.8927,150.2650,0.0058,0.0066,0.9054
807.0000,15.9101,150.2650,0.0062,0.0066,0.9056
808.0000,15.9277,150.2650,0.0062,0.0066,0.9057
809.0000,15.9451,150.2650,0.0063,0.0066,0.9058
810.0000,15.9628,150.2650,0.0060,0.0066,0.9059
811.0000,15.9808,150.2650,0.0058,0.0066,0.9060
812.0000,15.9985,150.2650,0.0061,0.0066,0.9061
813.0000,16.0161,150.2650,0.0063,0.0066,0.9062
814.0000,16.0338,150.2650,0.0059,0.0066,0.9064
815.0000,16.0516,150.2650,0.0062,0.0066,0.9065
816.0000,16.0687,150.2650,0.0063,0.0066,0.9066
817.0000,16.0868,150.2650,0.0059,0.0066,0.9067
818.0000,16.1044,150.2650,0.0059,0.0066,0.9068
819.0000,16.1226,150.2650,0.0061,0.0066,0.9069
820.0000,16.1404,150.2650,0.0063,0.0066,0.9070
821.0000,16.1579,150.2650,0.0064,0.0066,0.9071
822.0000,16.1760,150.2650,0.0062,0.0066,0.9072
823.0000,16.1944,150.2650,0.0057,0.0066,0.9074
824.0000,16.2134,150.2650,0.0060,0.0066,0.9075
825.0000,16.2326,150.2650,0.0060,0.0066,0.9076
826.0000,16.2531,150.2650,0.0060,0.0066,0.9077
827.0000,16.2729,150.2650,0.0061,0.0066,0.9078
828.0000,16.2911,150.2650,0.0062,0.0066,0.9079
829.0000,16.3097,150.2650,0.0058,0.0066,0.9080
830.0000,16.3281,150.2650,0.0062,0.0066,0.9081
831.0000,16.3473,150.2650,0.0063,0.0066,0.9082
832.0000,16.3657,150.2650,0.0064,0.0066,0.9083
833.0000,16.3843,150.2650,0.0057,0.0066,0.9084
834.0000,16.4031,150.2650,0.0059,0.0066,0.9085
835.0000,16.4219,150.2650,0.0060,0.0066,0.9086
836.0000,16.4402,150.2650,0.0063,0.0066,0.9087
837.0000,16.4589,150.2650,0.0061,0.0066,0.9088
838.0000,16.4780,150.2650,0.0058,0.0066,0.9089
839.0000,16.4962,150.2650,0.0061,0.0066,0.9090
840.0000,16.5143,150.2650,0.0064,0.0066,0.9091
841.0000,16.5326,150.2650,0.0064,0.0066,0.9093
842.0000,16.5510,150.2650,0.0060,0.0066,0.9094
843.0000,16.5694,150.2650,0.0061,0.0066,0.9095
844.0000,16.5880,150.2650,0.0058,0.0066,0.9096
845.0000,16.6066,150.2650,0.0063,0.0066,0.9097
846.0000,16.6252,150.2650,0.0058,0.0066,0.9098
847.0000,16.6437,150.2650,0.0057,0.0066,0.9099
848.0000,16.6624,150.2650,0.0063,0.0066,0.9100
849.0000,16.6814,150.2650,0.0061,0.0066,0.9101
850.0000,16.6992,150.2650,0.0062,0.0066,0.9102
851.0000,16.7179,150.2650,0.0061,0.0066,0.9103
852.0000,16.7366,150.2650,0.0060,0.0066,0.9104
853.0000,16.7551,150.2650,0.0059,0.0066,0.9105
854.0000,16.7734,150.2650,0.0061,0.0066,0.9106
855.0000,16.7918,150.2650,0.0062,0.0066,0.9107
856.0000,16.8100,150.2650,0.0059,0.0066,0.9108
857.0000,16.8277,150.2650,0.0059,0.0066,0.9109
858.0000,16.8456,150.2650,0.0060,0.0066,0.9110
859.0000,16.8644,150.2650,0.0061,0.0066,0.9111
860.0000,16.8829,150.2650,0.0062,0.0066,0.9112
861.0000,16.9003,150.2650,0.0060,0.0066,0.9113
862.0000,16.9179,150.2650,0.0064,0.0066,0.9114
863.0000,16.9351,150.2650,0.0061,0.0066,0.9115
864.0000,16.9526,150.2650,0.0063,0.0066,0.9116
865.0000,16.9701,150.2650,0.0063,0.0066,0.9117
866.0000,16.9878,150.2650,0.0061,0.0066,0.9118
867.0000,17.0058,150.2650,0.0060,0.0066,0.9119
868.0000,17.0232,150.2650,0.0063,0.0066,0.9120
869.0000,17.0407,150.2650,0.0064,0.0066,0.9121
870.0000,17.0583,150.2650,0.0061,0.0066,0.9122
871.0000,17.0758,150.2650,0.0061,0.0066,0.9123
872.0000,17.0933,150.2650,0.0062,0.0066,0.9124
873.0000,17.1112,150.2650,0.0061,0.0066,0.9125
874.0000,17.1292,150.2650,0.0062,0.0066,0.9126
875.0000,17.1471,150.2650,0.0061,0.0066,0.9127
876.0000,17.1651,150.2650,0.0061,0.0066,0.9128
877.0000,17.1826,150.2650,0.0063,0.0066,0.9129
878.0000,17.2005,150.2650,0.0061,0.0066,0.9130
879.0000,17.2189,150.2650,0.0061,0.0066,0.9131
880.0000,17.2373,150.2650,0.0064,0.0066,0.9132
881.0000,17.2557,150.2650,0.0064,0.0066,0.9133
882.0000,17.2737,150.2650,0.0063,0.0066,0.9134
883.0000,17.2918,150.2650,0.0062,0.0066,0.9135
884.0000,17.3106,150.2650,0.0060,0.0066,0.9136
885.0000,17.3289,150.2650,0.0062,0.0066,0.9137
886.0000,17.3472,150.2650,0.0060,0.0066,0.9138
887.0000,17.3659,150.2650,0.0061,0.0066,0.9139
888.0000,17.3846,150.2650,0.0060,0.0066,0.9140
889.0000,17.4031,150.2650,0.0059,0.0066,0.9141
890.0000,17.4215,150.2650,0.0060,0.0066,0.9141
891.0000,17.4399,150.2650,0.0061,0.0066,0.9142
892.0000,17.4586,150.2650,0.0060,0.0066,0.9143
893.0000,17.4772,150.2650,0.0060,0.0066,0.9144
894.0000,17.4959,150.2650,0.0059,0.0066,0.9145
895.0000,17.5141,150.2650,0.0061,0.0066,0.9146
896.0000,17.5326,150.2650,0.0064,0.0066,0.9147
897.0000,17.5507,150.2650,0.0062,0.0066,0.9148
898.0000,17.5694,150.2650,0.0060,0.0066,0.9149
899.0000,17.5872,150.2650,0.0063,0.0066,0.9150
900.0000,17.6048,150.2650,0.0060,0.0066,0.9151
901.0000,17.6228,150.2650,0.0061,0.0066,0.9152
902.0000,17.6401,150.2650,0.0061,0.0066,0.9153
903.0000,17.6578,150.2650,0.0063,0.0066,0.9154
904.0000,17.6758,150.2650,0.0062,0.0066,0.9155
905.0000,17.6939,150.2650,0.0057,0.0066,0.9155
906.0000,17.7115,150.2650,0.0058,0.0066,0.9156
907.0000,17.7296,150.2650,0.0058,0.0066,0.9157
908.0000,17.7473,150.2650,0.0063,0.0066,0.9158
909.0000,17.7651,150.2650,0.0062,0.0066,0.9159
910.0000,17.7828,150.2650,0.0060,0.0066,0.9160
911.0000,17.8003,150.2650,0.0061,0.0066,0.9161
912.0000,17.8182,150.2650,0.0063,0.0066,0.9162
913.0000,17.8356,150.2650,0.0063,0.0066,0.9163
914.0000,17.8533,150.2650,0.0059,0.0066,0.9163
915.0000,17.8735,150.2650,0.0061,0.0066,0.9164
916.0000,17.8913,150.2650,0.0057,0.0066,0.9165
917.0000,17.9090,150.2650,0.0061,0.0066,0.9166
918.0000,17.9266,150.2650,0.0063,0.0066,0.9167
919.0000,17.9442,150.2650,0.0058,0.0066,0.9168
920.0000,17.9618,150.2650,0.0058,0.0066,0.9169
921.0000,17.9794,150.2650,0.0063,0.0066,0.9169
922.0000,17.9970,150.2650,0.0063,0.0066,0.9170
923.0000,18.0145,150.2650,0.0060,0.0066,0.9171
924.0000,18.0322,150.2650,0.0063,0.0066,0.9172
925.0000,18.0496,150.2650,0.0061,0.0066,0.9173
926.0000,18.0675,150.2650,0.0060,0.0066,0.9174
927.0000,18.0848,150.2650,0.0064,0.0066,0.9175
928.0000,18.1027,150.2650,0.0058,0.0066,0.9176
929.0000,18.1201,150.2650,0.0060,0.0066,0.9176
930.0000,18.1378,150.2650,0.0061,0.0066,0.9177
931.0000,18.1553,150.2650,0.0061,0.0066,0.9178
932.0000,18.1730,150.2650,0.0062,0.0066,0.9179
933.0000,18.1903,150.2650,0.0065,0.0066,0.9180
934.0000,18.2083,150.2650,0.0059,0.0066,0.9181
935.0000,18.2261,150.2650,0.0060,0.0066,0.9182
936.0000,18.2437,150.2650,0.0061,0.0066,0.9183
937.0000,18.2617,150.2650,0.0062,0.0066,0.9184
938.0000,18.2795,150.2650,0.0061,0.0066,0.9184
939.0000,18.2975,150.2650,0.0061,0.0066,0.9185
940.0000,18.3151,150.2650,0.0060,0.0066,0.9186
941.0000,18.3325,150.2650,0.0061,0.0066,0.9187
942.0000,18.3502,150.2650,0.0059,0.0066,0.9188
943.0000,18.3723,150.2650,0.0062,0.0066,0.9189
944.0000,18.3899,150.2650,0.0061,0.0066,0.9190
945.0000,18.4076,150.2650,0.0059,0.0066,0.9190
946.0000,18.4251,150.2650,0.0063,0.0066,0.9191
947.0000,18.4429,150.2650,0.0057,0.0066,0.9192
948.0000,18.4603,150.2650,0.0062,0.0066,0.9193
949.0000,18.4779,150.2650,0.0062,0.0066,0.9194
950.0000,18.4953,150.2650,0.0063,0.0066,0.9195
951.0000,18.5134,150.2650,0.0060,0.0066,0.9195
952.0000,18.5311,150.2650,0.0060,0.0066,0.9196
953.0000,18.5487,150.2650,0.0062,0.0066,0.9197
954.0000,18.5663,150.2650,0.0061,0.0066,0.9198
955.0000,18.5842,150.2650,0.0060,0.0066,0.9199
956.0000,18.6017,150.2650,0.0059,0.0066,0.9200
957.0000,18.6195,150.2650,0.0059,0.0066,0.9200
958.0000,18.6376,150.2650,0.0056,0.0066,0.9201
959.0000,18.6550,150.2650,0.0063,0.0066,0.9202
960.0000,18.6726,150.2650,0.0060,0.0066,0.9203
961.0000,18.6903,150.2650,0.0063,0.0066,0.9204
962.0000,18.7080,150.2650,0.0060,0.0066,0.9205
963.0000,18.7254,150.2650,0.0061,0.0066,0.9205
964.0000,18.7426,150.2650,0.0063,0.0066,0.9206
965.0000,18.7602,150.2650,0.0062,0.0066,0.9207
966.0000,18.7782,150.2650,0.0058,0.0066,0.9208
967.0000,18.7962,150.2650,0.0062,0.0066,0.9209
968.0000,18.8136,150.2650,0.0061,0.0066,0.9209
969.0000,18.8326,150.2650,0.0062,0.0066,0.9210
970.0000,18.8503,150.2650,0.0062,0.0066,0.9211
971.0000,18.8723,150.2650,0.0061,0.0066,0.9212
972.0000,18.8936,150.2650,0.0060,0.0066,0.9213
973.0000,18.9125,150.2650,0.0061,0.0066,0.9213
974.0000,18.9302,150.2650,0.0059,0.0066,0.9214
975.0000,18.9481,150.2650,0.0060,0.0066,0.9215
976.0000,18.9655,150.2650,0.0063,0.0066,0.9216
977.0000,18.9833,150.2650,0.0061,0.0066,0.9217
978.0000,19.0005,150.2650,0.0061,0.0066,0.9217
979.0000,19.0183,150.2650,0.0061,0.0066,0.9218
980.0000,19.0360,150.2650,0.0061,0.0066,0.9219
981.0000,19.0540,150.2650,0.0061,0.0066,0.9220
982.0000,19.0717,150.2650,0.0062,0.0066,0.9221
983.0000,19.0894,150.2650,0.0062,0.0066,0.9221
984.0000,19.1076,150.2650,0.0058,0.0066,0.9222
985.0000,19.1254,150.2650,0.0060,0.0066,0.9223
986.0000,19.1427,150.2650,0.0062,0.0066,0.9224
987.0000,19.1601,150.2650,0.0063,0.0066,0.9224
988.0000,19.1777,150.2650,0.0060,0.0066,0.9225
989.0000,19.1956,150.2650,0.0059,0.0066,0.9226
990.0000,19.2130,150.2650,0.0060,0.0066,0.9227
991.0000,19.2306,150.2650,0.0062,0.0066,0.9228
992.0000,19.2483,150.2650,0.0060,0.0066,0.9228
993.0000,19.2660,150.2650,0.0062,0.0066,0.9229
994.0000,19.2834,150.2650,0.0063,0.0066,0.9230
995.0000,19.3009,150.2650,0.0062,0.0066,0.9231
996.0000,19.3187,150.2650,0.0059,0.0066,0.9231
997.0000,19.3364,150.2650,0.0061,0.0066,0.9232
998.0000,19.3541,150.2650,0.0061,0.0066,0.9233
999.0000,19.3720,150.2650,0.0065,0.0066,0.9234
1000.0000,19.3897,150.2650,0.0063,0.0066,0.9234
1001.0000,19.4080,150.2650,0.0060,0.0066,0.9235
1002.0000,19.4256,150.2650,0.0062,0.0066,0.9236
1003.0000,19.4432,150.2650,0.0062,0.0066,0.9237
1004.0000,19.4606,150.2650,0.0063,0.0066,0.9237
1005.0000,19.4784,150.2650,0.0059,0.0066,0.9238
1006.0000,19.4958,150.2650,0.0062,0.0066,0.9239
1007.0000,19.5135,150.2650,0.0060,0.0066,0.9240
1008.0000,19.5312,150.2650,0.0059,0.0066,0.9240
1009.0000,19.5488,150.2650,0.0062,0.0066,0.9241
1010.0000,19.5666,150.2650,0.0060,0.0066,0.9242
1011.0000,19.5839,150.2650,0.0063,0.0066,0.9243
1012.0000,19.6011,150.2650,0.0064,0.0066,0.9243
1013.0000,19.6186,150.2650,0.0064,0.0066,0.9244
1014.0000,19.6364,150.2650,0.0059,0.0066,0.9245
1015.0000,19.6537,150.2650,0.0060,0.0066,0.9246
1016.0000,19.6709,150.2650,0.0063,0.0066,0.9246
1017.0000,19.6887,150.2650,0.0060,0.0066,0.9247
1018.0000,19.7064,150.2650,0.0061,0.0066,0.9248
1019.0000,19.7239,150.2650,0.0061,0.0066,0.9248
1020.0000,19.7425,150.2650,0.0062,0.0066,0.9249
1021.0000,19.7602,150.2650,0.0060,0.0066,0.9250
1022.0000,19.7778,150.2650,0.0063,0.0066,0.9251
1023.0000,19.7953,150.2650,0.0060,0.0066,0.9251
1024.0000,19.8128,150.2650,0.0062,0.0066,0.9252
1025.0000,19.8302,150.2650,0.0064,0.0066,0.9253
1026.0000,19.8479,150.2650,0.0060,0.0066,0.9254
1027.0000,19.8664,150.2650,0.0063,0.0066,0.9254
1028.0000,19.8848,150.2650,0.0061,0.0066,0.9255
1029.0000,19.9028,150.2650,0.0063,0.0066,0.9256
1030.0000,19.9205,150.2650,0.0061,0.0066,0.9256
1031.0000,19.9386,150.2650,0.0062,0.0066,0.9257
1032.0000,19.9566,150.2650,0.0061,0.0066,0.9258
1033.0000,19.9741,150.2650,0.0062,0.0066,0.9258
1034.0000,19.9915,150.2650,0.0063,0.0066,0.9259
1035.0000,20.0091,150.2650,0.0061,0.0066,0.9260
1036.0000,20.0270,150.2650,0.0061,0.0066,0.9261
1037.0000,20.0447,150.2650,0.0062,0.0066,0.9261
1038.0000,20.0619,150.2650,0.0064,0.0066,0.9262
1039.0000,20.0796,150.2650,0.0059,0.0066,0.9263
1040.0000,20.0970,150.2650,0.0066,0.0066,0.9263
1041.0000,20.1143,150.2650,0.0061,0.0066,0.9264
1042.0000,20.1318,150.2650,0.0061,0.0066,0.9265
1043.0000,20.1493,150.2650,0.0063,0.0066,0.9266
1044.0000,20.1669,150.2650,0.0062,0.0066,0.9266
1045.0000,20.1841,150.2650,0.0063,0.0066,0.9267
1046.0000,20.2016,150.2650,0.0061,0.0066,0.9268
1047.0000,20.2192,150.2650,0.0061,0.0066,0.9268
1048.0000,20.2369,150.2650,0.0062,0.0066,0.9269
1049.0000,20.2544,150.2650,0.0062,0.0066,0.9270
1050.0000,20.2718,150.2650,0.0058,0.0066,0.9270
1051.0000,20.2899,150.2650,0.0060,0.0066,0.9271
1052.0000,20.3076,150.2650,0.0062,0.0066,0.9272
1053.0000,20.3257,150.2650,0.0059,0.0066,0.9272
1054.0000,20.3434,150.2650,0.0059,0.0066,0.9273
1055.0000,20.3616,150.2650,0.0062,0.0066,0.9274
1056.0000,20.3795,150.2650,0.0057,0.0066,0.9274
1057.0000,20.3971,150.2650,0.0062,0.0066,0.9275
1058.0000,20.4151,150.2650,0.0061,0.0066,0.9276
1059.0000,20.4329,150.2650,0.0063,0.0066,0.9276
1060.0000,20.4510,150.2650,0.0061,0.0066,0.9277
1061.0000,20.4689,150.2650,0.0059,0.0066,0.9278
1062.0000,20.4877,150.2650,0.0057,0.0066,0.9279
1063.0000,20.5060,150.2650,0.0060,0.0066,0.9279
1064.0000,20.5242,150.2650,0.0060,0.0066,0.9280
1065.0000,20.5423,150.2650,0.0063,0.0066,0.9281
1066.0000,20.5612,150.2650,0.0060,0.0066,0.9281
1067.0000,20.5816,150.2650,0.0064,0.0066,0.9282
1068.0000,20.6003,150.2650,0.0061,0.0066,0.9283
1069.0000,20.6184,150.2650,0.0060,0.0066,0.9283
1070.0000,20.6369,150.2650,0.0062,0.0066,0.9284
1071.0000,20.6553,150.2650,0.0062,0.0066,0.9285
1072.0000,20.6823,150.2650,0.0061,0.0066,0.9285
1073.0000,20.7001,150.2650,0.0061,0.0066,0.9286
1074.0000,20.7179,150.2650,0.0062,0.0066,0.9287
1075.0000,20.7360,150.2650,0.0060,0.0066,0.9287
1076.0000,20.7537,150.2650,0.0060,0.0066,0.9288
1077.0000,20.7713,150.2650,0.0063,0.0066,0.9288
1078.0000,20.7897,150.2650,0.0063,0.0066,0.9289
1079.0000,20.8083,150.2650,0.0062,0.0066,0.9290
1080.0000,20.8269,150.2650,0.0063,0.0066,0.9290
1081.0000,20.8449,150.2650,0.0062,0.0066,0.9291
1082.0000,20.8644,150.2650,0.0062,0.0066,0.9292
1083.0000,20.8833,150.2650,0.0061,0.0066,0.9292
1084.0000,20.9015,150.2650,0.0059,0.0066,0.9293
1085.0000,20.9194,150.2650,0.0063,0.0066,0.9294
1086.0000,20.9376,150.2650,0.0062,0.0066,0.9294
1087.0000,20.9558,150.2650,0.0061,0.0066,0.9295
1088.0000,20.9736,150.2650,0.0062,0.0066,0.9296
1089.0000,20.9917,150.2650,0.0061,0.0066,0.9296
1090.0000,21.0096,150.2650,0.0061,0.0066,0.9297
1091.0000,21.0276,150.2650,0.0063,0.0066,0.9297
1092.0000,21.0458,150.2650,0.0062,0.0066,0.9298
1093.0000,21.0651,150.2650,0.0059,0.0066,0.9299
1094.0000,21.0828,150.2650,0.0061,0.0066,0.9299
1095.0000,21.1007,150.2650,0.0063,0.0066,0.9300
1096.0000,21.1189,150.2650,0.0060,0.0066,0.9301
1097.0000,21.1367,150.2650,0.0062,0.0066,0.9301
1098.0000,21.1545,150.2650,0.0061,0.0066,0.9302
1099.0000,21.1724,150.2650,0.0062,0.0066,0.9303
1100.0000,21.1907,150.2650,0.0059,0.0066,0.9303
1101.0000,21.2089,150.2650,0.0063,0.0066,0.9304
1102.0000,21.2273,150.2650,0.0061,0.0066,0.9304
1103.0000,21.2453,150.2650,0.0061,0.0066,0.9305
1104.0000,21.2631,150.2650,0.0063,0.0066,0.9306
1105.0000,21.2811,150.2650,0.0061,0.0066,0.9306
1106.0000,21.2989,150.2650,0.0062,0.0066,0.9307
1107.0000,21.3171,150.2650,0.0062,0.0066,0.9308
1108.0000,21.3349,150.2650,0.0063,0.0066,0.9308
1109.0000,21.3526,150.2650,0.0062,0.0066,0.9309
1110.0000,21.3706,150.2650,0.0058,0.0066,0.9309
1111.0000,21.3884,150.2650,0.0063,0.0066,0.9310
1112.0000,21.4064,150.2650,0.0063,0.0066,0.9311
1113.0000,21.4242,150.2650,0.0062,0.0066,0.9311
1114.0000,21.4421,150.2650,0.0062,0.0066,0.9312
1115.0000,21.4600,150.2650,0.0064,0.0066,0.9312
1116.0000,21.4780,150.2650,0.0060,0.0066,0.9313
1117.0000,21.4961,150.2650,0.0059,0.0066,0.9314
1118.0000,21.5145,150.2650,0.0059,0.0066,0.9314
1119.0000,21.5326,150.2650,0.0062,0.0066,0.9315
1120.0000,21.5505,150.2650,0.0061,0.0066,0.9315
1121.0000,21.5685,150.2650,0.0061,0.0066,0.9316
1122.0000,21.5866,150.2650,0.0062,0.0066,0.9316
1123.0000,21.6047,150.2650,0.0060,0.0066,0.9317
1124.0000,21.6230,150.2650,0.0059,0.0066,0.9318
1125.0000,21.6406,150.2650,0.0061,0.0066,0.9318
1126.0000,21.6583,150.2650,0.0063,0.0066,0.9319
1127.0000,21.6766,150.2650,0.0060,0.0066,0.9319
1128.0000,21.6949,150.2650,0.0060,0.0066,0.9320
1129.0000,21.7128,150.2650,0.0062,0.0066,0.9321
1130.0000,21.7306,150.2650,0.0061,0.0066,0.9321
1131.0000,21.7487,150.2650,0.0061,0.0066,0.9322
1132.0000,21.7669,150.2650,0.0063,0.0066,0.9322
1133.0000,21.7846,150.2650,0.0063,0.0066,0.9323
1134.0000,21.8022,150.2650,0.0062,0.0066,0.9324
1135.0000,21.8200,150.2650,0.0062,0.0066,0.9324
1136.0000,21.8381,150.2650,0.0062,0.0066,0.9325
1137.0000,21.8560,150.2650,0.0063,0.0066,0.9325
1138.0000,21.8747,150.2650,0.0061,0.0066,0.9326
1139.0000,21.8930,150.2650,0.0061,0.0066,0.9327
1140.0000,21.9108,150.2650,0.0061,0.0066,0.9327
1141.0000,21.9289,150.2650,0.0064,0.0066,0.9328
1142.0000,21.9466,150.2650,0.0060,0.0066,0.9328
1143.0000,21.9647,150.2650,0.0060,0.0066,0.9329
1144.0000,21.9826,150.2650,0.0062,0.0066,0.9329
1145.0000,22.0003,150.2650,0.0061,0.0066,0.9330
1146.0000,22.0178,150.2650,0.0064,0.0066,0.9330
1147.0000,22.0352,150.2650,0.0061,0.0066,0.9331
1148.0000,22.0529,150.2650,0.0063,0.0066,0.9332
1149.0000,22.0710,150.2650,0.0062,0.0066,0.9332
1150.0000,22.0888,150.2650,0.0060,0.0066,0.9333
1151.0000,22.1071,150.2650,0.0060,0.0066,0.9333
1152.0000,22.1251,150.2650,0.0060,0.0066,0.9334
1153.0000,22.1429,150.2650,0.0061,0.0066,0.9334
1154.0000,22.1607,150.2650,0.0060,0.0066,0.9335
1155.0000,22.1783,150.2650,0.0058,0.0066,0.9336
1156.0000,22.1959,150.2650,0.0063,0.0066,0.9336
1157.0000,22.2137,150.2650,0.0058,0.0066,0.9337
1158.0000,22.2314,150.2650,0.0061,0.0066,0.9337
1159.0000,22.2492,150.2650,0.0059,0.0066,0.9338
1160.0000,22.2674,150.2650,0.0059,0.0066,0.9338
1161.0000,22.2852,150.2650,0.0063,0.0066,0.9339
1162.0000,22.3029,150.2650,0.0063,0.0066,0.9340
1163.0000,22.3207,150.2650,0.0060,0.0066,0.9340
1164.0000,22.3386,150.2650,0.0060,0.0066,0.9341
1165.0000,22.3562,150.2650,0.0063,0.0066,0.9341
1166.0000,22.3735,150.2650,0.0064,0.0066,0.9342
1167.0000,22.3911,150.2650,0.0060,0.0066,0.9342
1168.0000,22.4088,150.2650,0.0061,0.0066,0.9343
1169.0000,22.4263,150.2650,0.0063,0.0066,0.9343
1170.0000,22.4439,150.2650,0.0063,0.0066,0.9344
1171.0000,22.4616,150.2650,0.0060,0.0066,0.9345
1172.0000,22.4793,150.2650,0.0061,0.0066,0.9345
1173.0000,22.4970,150.2650,0.0061,0.0066,0.9346
1174.0000,22.5146,150.2650,0.0061,0.0066,0.9346
1175.0000,22.5322,150.2650,0.0061,0.0066,0.9347
1176.0000,22.5500,150.2650,0.0060,0.0066,0.9347
1177.0000,22.5678,150.2650,0.0062,0.0066,0.9348
1178.0000,22.5860,150.2650,0.0059,0.0066,0.9348
1179.0000,22.6039,150.2650,0.0057,0.0066,0.9349
1180.0000,22.6216,150.2650,0.0061,0.0066,0.9349
1181.0000,22.6395,150.2650,0.0061,0.0066,0.9350
1182.0000,22.6577,150.2650,0.0058,0.0066,0.9351
1183.0000,22.6760,150.2650,0.0059,0.0066,0.9351
1184.0000,22.6941,150.2650,0.0060,0.0066,0.9352
1185.0000,22.7119,150.2650,0.0062,0.0066,0.9352
1186.0000,22.7299,150.2650,0.0060,0.0066,0.9353
1187.0000,22.7477,150.2650,0.0062,0.0066,0.9353
1188.0000,22.7657,150.2650,0.0061,0.0066,0.9354
1189.0000,22.7830,150.2650,0.0064,0.0066,0.9354
1190.0000,22.8009,150.2650,0.0060,0.0066,0.9355
1191.0000,22.8183,150.2650,0.0063,0.0066,0.9355
1192.0000,22.8358,150.2650,0.0063,0.0066,0.9356
1193.0000,22.8535,150.2650,0.0060,0.0066,0.9356
1194.0000,22.8726,150.2650,0.0058,0.0066,0.9357
1195.0000,22.8911,150.2650,0.0064,0.0066,0.9357
1196.0000,22.9086,150.2650,0.0062,0.0066,0.9358
1197.0000,22.9266,150.2650,0.0064,0.0066,0.9358
1198.0000,22.9441,150.2650,0.0064,0.0066,0.9359
1199.0000,22.9618,150.2650,0.0062,0.0066,0.9360
1200.0000,22.9822,150.2650,0.0057,0.0066,0.9360
1201.0000,23.0012,150.2650,0.0062,0.0066,0.9361
1202.0000,23.0202,150.2650,0.0060,0.0066,0.9361
1203.0000,23.0389,150.2650,0.0061,0.0066,0.9362
1204.0000,23.0571,150.2650,0.0061,0.0066,0.9362
1205.0000,23.0749,150.2650,0.0063,0.0066,0.9363
1206.0000,23.0926,150.2650,0.0061,0.0066,0.9363
1207.0000,23.1103,150.2650,0.0058,0.0066,0.9364
1208.0000,23.1279,150.2650,0.0064,0.0066,0.9364
1209.0000,23.1455,150.2650,0.0059,0.0066,0.9365
1210.0000,23.1631,150.2650,0.0060,0.0066,0.9365
1211.0000,23.1816,150.2650,0.0062,0.0066,0.9366
1212.0000,23.1993,150.2650,0.0061,0.0066,0.9366
1213.0000,23.2171,150.2650,0.0065,0.0066,0.9367
1214.0000,23.2353,150.2650,0.0063,0.0066,0.9367
1215.0000,23.2538,150.2650,0.0061,0.0066,0.9368
1216.0000,23.2732,150.2650,0.0061,0.0066,0.9368
1217.0000,23.2927,150.2650,0.0063,0.0066,0.9369
1218.0000,23.3118,150.2650,0.0063,0.0066,0.9369
1219.0000,23.3325,150.2650,0.0063,0.0066,0.9370
1220.0000,23.3527,150.2650,0.0061,0.0066,0.9370
1221.0000,23.3829,150.2650,0.0059,0.0066,0.9371
1222.0000,23.4068,150.2650,0.0062,0.0066,0.9371
1223.0000,23.4266,150.2650,0.0064,0.0066,0.9372
1224.0000,23.4446,150.2650,0.0064,0.0066,0.9372
1225.0000,23.4632,150.2650,0.0062,0.0066,0.9373
1226.0000,23.4826,150.2650,0.0061,0.0066,0.9373
1227.0000,23.5005,150.2650,0.0061,0.0066,0.9374
1228.0000,23.5181,150.2650,0.0061,0.0066,0.9375
1229.0000,23.5357,150.2650,0.0064,0.0066,0.9375
1230.0000,23.5533,150.2650,0.0061,0.0066,0.9376
1231.0000,23.5709,150.2650,0.0062,0.0066,0.9376
1232.0000,23.5887,150.2650,0.0061,0.0066,0.9377
1233.0000,23.6069,150.2650,0.0061,0.0066,0.9377
1234.0000,23.6259,150.2650,0.0060,0.0066,0.9377
1235.0000,23.6434,150.2650,0.0063,0.0066,0.9378
1236.0000,23.6608,150.2650,0.0065,0.0066,0.9378
1237.0000,23.6789,150.2650,0.0060,0.0066,0.9379
1238.0000,23.6968,150.2650,0.0060,0.0066,0.9379
1239.0000,23.7147,150.2650,0.0060,0.0066,0.9380
1240.0000,23.7322,150.2650,0.0062,0.0066,0.9380
1241.0000,23.7500,150.2650,0.0060,0.0066,0.9381
1242.0000,23.7676,150.2650,0.0061,0.0066,0.9381
1243.0000,23.7854,150.2650,0.0061,0.0066,0.9382
1244.0000,23.8028,150.2650,0.0062,0.0066,0.9382
1245.0000,23.8204,150.2650,0.0062,0.0066,0.9383
1246.0000,23.8384,150.2650,0.0060,0.0066,0.9383
1247.0000,23.8562,150.2650,0.0061,0.0066,0.9384
1248.0000,23.8761,150.2650,0.0061,0.0066,0.9384
1249.0000,23.8937,150.2650,0.0059,0.0066,0.9385
1250.0000,23.9113,150.2650,0.0063,0.0066,0.9385
1251.0000,23.9294,150.2650,0.0062,0.0066,0.9386
1252.0000,23.9474,150.2650,0.0062,0.0066,0.9386
1253.0000,23.9652,150.2650,0.0060,0.0066,0.9387
1254.0000,23.9827,150.2650,0.0061,0.0066,0.9387
1255.0000,24.0003,150.2650,0.0063,0.0066,0.9388
1256.0000,24.0181,150.2650,0.0059,0.0066,0.9388
1257.0000,24.0359,150.2650,0.0060,0.0066,0.9389
1258.0000,24.0531,150.2650,0.0064,0.0066,0.9389
1259.0000,24.0709,150.2650,0.0061,0.0066,0.9390
1260.0000,24.0889,150.2650,0.0063,0.0066,0.9390
1261.0000,24.1071,150.2650,0.0062,0.0066,0.9391
1262.0000,24.1256,150.2650,0.0061,0.0066,0.9391
1263.0000,24.1438,150.2650,0.0063,0.0066,0.9392
1264.0000,24.1623,150.2650,0.0062,0.0066,0.9392
1265.0000,24.1811,150.2650,0.0060,0.0066,0.9393
1266.0000,24.1997,150.2650,0.0062,0.0066,0.9393
1267.0000,24.2189,150.2650,0.0059,0.0066,0.9393
1268.0000,24.2373,150.2650,0.0061,0.0066,0.9394
1269.0000,24.2553,150.2650,0.0062,0.0066,0.9394
1270.0000,24.2736,150.2650,0.0061,0.0066,0.9395
1271.0000,24.2924,150.2650,0.0059,0.0066,0.9395
1272.0000,24.3104,150.2650,0.0061,0.0066,0.9396
1273.0000,24.3279,150.2650,0.0062,0.0066,0.9396
1274.0000,24.3458,150.2650,0.0059,0.0066,0.9397
1275.0000,24.3634,150.2650,0.0061,0.0066,0.9397
1276.0000,24.3812,150.2650,0.0059,0.0066,0.9398
1277.0000,24.3985,150.2650,0.0064,0.0066,0.9398
1278.0000,24.4161,150.2650,0.0060,0.0066,0.9399
1279.0000,24.4337,150.2650,0.0058,0.0066,0.9399
1280.0000,24.4515,150.2650,0.0058,0.0066,0.9399
1281.0000,24.4696,150.2650,0.0062,0.0066,0.9400
1282.0000,24.4871,150.2650,0.0060,0.0066,0.9400
1283.0000,24.5047,150.2650,0.0063,0.0066,0.9401
1284.0000,24.5220,150.2650,0.0062,0.0066,0.9401
1285.0000,24.5398,150.2650,0.0057,0.0066,0.9402
1286.0000,24.5577,150.2650,0.0058,0.0066,0.9402
1287.0000,24.5757,150.2650,0.0062,0.0066,0.9403
1288.0000,24.5936,150.2650,0.0061,0.0066,0.9403
1289.0000,24.6111,150.2650,0.0061,0.0066,0.9404
1290.0000,24.6291,150.2650,0.0062,0.0066,0.9404
1291.0000,24.6466,150.2650,0.0062,0.0066,0.9404
1292.0000,24.6644,150.2650,0.0062,0.0066,0.9405
1293.0000,24.6823,150.2650,0.0062,0.0066,0.9405
1294.0000,24.7000,150.2650,0.0062,0.0066,0.9406
1295.0000,24.7176,150.2650,0.0062,0.0066,0.9406
1296.0000,24.7358,150.2650,0.0060,0.0066,0.9407
1297.0000,24.7544,150.2650,0.0059,0.0066,0.9407
1298.0000,24.7741,150.2650,0.0058,0.0066,0.9408
1299.0000,24.7944,150.2650,0.0063,0.0066,0.9408
1300.0000,24.8138,150.2650,0.0060,0.0066,0.9408
1301.0000,24.8330,150.2650,0.0061,0.0066,0.9409
1302.0000,24.8520,150.2650,0.0063,0.0066,0.9409
1303.0000,24.8729,150.2650,0.0063,0.0066,0.9410
1304.0000,24.8940,150.2650,0.0060,0.0066,0.9410
1305.0000,24.9142,150.2650,0.0062,0.0066,0.9411
1306.0000,24.9333,150.2650,0.0061,0.0066,0.9411
1307.0000,24.9534,150.2650,0.0062,0.0066,0.9412
1308.0000,24.9732,150.2650,0.0061,0.0066,0.9412
1309.0000,24.9934,150.2650,0.0060,0.0066,0.9412
1310.0000,25.0180,150.2650,0.0064,0.0066,0.9413
1311.0000,25.0436,150.2650,0.0062,0.0066,0.9413
1312.0000,25.0642,150.2650,0.0061,0.0066,0.9414
1313.0000,25.0849,150.2650,0.0062,0.0066,0.9414
1314.0000,25.1049,150.2650,0.0058,0.0066,0.9415
1315.0000,25.1243,150.2650,0.0062,0.0066,0.9415
1316.0000,25.1435,150.2650,0.0060,0.0066,0.9415
1317.0000,25.1631,150.2650,0.0059,0.0066,0.9416
1318.0000,25.1834,150.2650,0.0063,0.0066,0.9416
1319.0000,25.2032,150.2650,0.0062,0.0066,0.9417
1320.0000,25.2230,150.2650,0.0060,0.0066,0.9417
1321.0000,25.2420,150.2650,0.0063,0.0066,0.9418
1322.0000,25.2612,150.2650,0.0060,0.0066,0.9418
1323.0000,25.2801,150.2650,0.0062,0.0066,0.9419
1324.0000,25.2994,150.2650,0.0059,0.0066,0.9419
1325.0000,25.3198,150.2650,0.0058,0.0066,0.9419
1326.0000,25.3401,150.2650,0.0059,0.0066,0.9420
1327.0000,25.3601,150.2650,0.0060,0.0066,0.9420
1328.0000,25.3809,150.2650,0.0063,0.0066,0.9421
1329.0000,25.4014,150.2650,0.0058,0.0066,0.9421
1330.0000,25.4207,150.2650,0.0062,0.0066,0.9421
1331.0000,25.4400,150.2650,0.0060,0.0066,0.9422
1332.0000,25.4601,150.2650,0.0060,0.0066,0.9422
1333.0000,25.4796,150.2650,0.0058,0.0066,0.9423
1334.0000,25.4989,150.2650,0.0061,0.0066,0.9423
1335.0000,25.5187,150.2650,0.0062,0.0066,0.9424
1336.0000,25.5398,150.2650,0.0059,0.0066,0.9424
1337.0000,25.5601,150.2650,0.0064,0.0066,0.9424
1338.0000,25.5799,150.2650,0.0061,0.0066,0.9425
1339.0000,25.5996,150.2650,0.0064,0.0066,0.9425
1340.0000,25.6199,150.2650,0.0059,0.0066,0.9426
1341.0000,25.6407,150.2650,0.0062,0.0066,0.9426
1342.0000,25.6610,150.2650,0.0062,0.0066,0.9426
1343.0000,25.6812,150.2650,0.0061,0.0066,0.9427
1344.0000,25.7006,150.2650,0.0062,0.0066,0.9427
1345.0000,25.7197,150.2650,0.0063,0.0066,0.9428
1346.0000,25.7393,150.2650,0.0063,0.0066,0.9428
1347.0000,25.7591,150.2650,0.0062,0.0066,0.9429
1348.0000,25.7784,150.2650,0.0062,0.0066,0.9429
1349.0000,25.7986,150.2650,0.0061,0.0066,0.9429
1350.0000,25.8182,150.2650,0.0061,0.0066,0.9430
1351.0000,25.8387,150.2650,0.0061,0.0066,0.9430
1352.0000,25.8612,150.2650,0.0060,0.0066,0.9431
1353.0000,25.8816,150.2650,0.0060,0.0066,0.9431
1354.0000,25.9002,150.2650,0.0063,0.0066,0.9431
1355.0000,25.9191,150.2650,0.0061,0.0066,0.9432
1356.0000,25.9378,150.2650,0.0063,0.0066,0.9432
1357.0000,25.9564,150.2650,0.0061,0.0066,0.9433
1358.0000,25.9751,150.2650,0.0059,0.0066,0.9433
1359.0000,25.9941,150.2650,0.0061,0.0066,0.9433
1360.0000,26.0129,150.2650,0.0059,0.0066,0.9434
1361.0000,26.0315,150.2650,0.0061,0.0066,0.9434
1362.0000,26.0501,150.2650,0.0061,0.0066,0.9435
1363.0000,26.0688,150.2650,0.0062,0.0066,0.9435
1364.0000,26.0871,150.2650,0.0061,0.0066,0.9435
1365.0000,26.1054,150.2650,0.0062,0.0066,0.9436
1366.0000,26.1236,150.2650,0.0060,0.0066,0.9436
1367.0000,26.1423,150.2650,0.0062,0.0066,0.9437
1368.0000,26.1607,150.2650,0.0061,0.0066,0.9437
1369.0000,26.1792,150.2650,0.0060,0.0066,0.9438
1370.0000,26.1976,150.2650,0.0063,0.0066,0.9438
1371.0000,26.2164,150.2650,0.0063,0.0066,0.9438
1372.0000,26.2345,150.2650,0.0062,0.0066,0.9439
1373.0000,26.2533,150.2650,0.0060,0.0066,0.9439
1374.0000,26.2720,150.2650,0.0061,0.0066,0.9439
1375.0000,26.2905,150.2650,0.0063,0.0066,0.9440
1376.0000,26.3089,150.2650,0.0062,0.0066,0.9440
1377.0000,26.3276,150.2650,0.0058,0.0066,0.9441
1378.0000,26.3459,150.2650,0.0064,0.0066,0.9441
1379.0000,26.3649,150.2650,0.0059,0.0066,0.9441
1380.0000,26.3833,150.2650,0.0063,0.0066,0.9442
1381.0000,26.4016,150.2650,0.0063,0.0066,0.9442
1382.0000,26.4201,150.2650,0.0061,0.0066,0.9443
1383.0000,26.4389,150.2650,0.0060,0.0066,0.9443
1384.0000,26.4575,150.2650,0.0058,0.0066,0.9443
1385.0000,26.4761,150.2650,0.0059,0.0066,0.9444
1386.0000,26.4943,150.2650,0.0062,0.0066,0.9444
1387.0000,26.5132,150.2650,0.0059,0.0066,0.9445
1388.0000,26.5315,150.2650,0.0060,0.0066,0.9445
1389.0000,26.5498,150.2650,0.0061,0.0066,0.9445
1390.0000,26.5684,150.2650,0.0060,0.0066,0.9446
1391.0000,26.5866,150.2650,0.0061,0.0066,0.9446
1392.0000,26.6048,150.2650,0.0061,0.0066,0.9447
1393.0000,26.6231,150.2650,0.0060,0.0066,0.9447
1394.0000,26.6413,150.2650,0.0060,0.0066,0.9447
1395.0000,26.6599,150.2650,0.0061,0.0066,0.9448
1396.0000,26.6784,150.2650,0.0060,0.0066,0.9448
1397.0000,26.6969,150.2650,0.0062,0.0066,0.9448
1398.0000,26.7156,150.2650,0.0060,0.0066,0.9449
1399.0000,26.7344,150.2650,0.0062,0.0066,0.9449
1400.0000,26.7527,150.2650,0.0061,0.0066,0.9450
1401.0000,26.7722,150.2650,0.0061,0.0066,0.9450
1402.0000,26.7904,150.2650,0.0064,0.0066,0.9450
1403.0000,26.8093,150.2650,0.0060,0.0066,0.9451
1404.0000,26.8290,150.2650,0.0057,0.0066,0.9451
1405.0000,26.8477,150.2650,0.0064,0.0066,0.9451
1406.0000,26.8677,150.2650,0.0061,0.0066,0.9452
1407.0000,26.8879,150.2650,0.0062,0.0066,0.9452
1408.0000,26.9064,150.2650,0.0064,0.0066,0.9453
1409.0000,26.9249,150.2650,0.0060,0.0066,0.9453
1410.0000,26.9435,150.2650,0.0062,0.0066,0.9453
1411.0000,26.9620,150.2650,0.0061,0.0066,0.9454
1412.0000,26.9806,150.2650,0.0059,0.0066,0.9454
1413.0000,26.9989,150.2650,0.0061,0.0066,0.9454
1414.0000,27.0174,150.2650,0.0063,0.0066,0.9455
1415.0000,27.0356,150.2650,0.0059,0.0066,0.9455
1416.0000,27.0539,150.2650,0.0060,0.0066,0.9456
1417.0000,27.0719,150.2650,0.0061,0.0066,0.9456
1418.0000,27.0896,150.2650,0.0066,0.0066,0.9456
1419.0000,27.1077,150.2650,0.0062,0.0066,0.9457
1420.0000,27.1258,150.2650,0.0060,0.0066,0.9457
1421.0000,27.1440,150.2650,0.0061,0.0066,0.9457
1422.0000,27.1623,150.2650,0.0062,0.0066,0.9458
1423.0000,27.1805,150.2650,0.0060,0.0066,0.9458
1424.0000,27.1987,150.2650,0.0063,0.0066,0.9459
1425.0000,27.2168,150.2650,0.0062,0.0066,0.9459
1426.0000,27.2349,150.2650,0.0060,0.0066,0.9459
1427.0000,27.2529,150.2650,0.0059,0.0066,0.9460
1428.0000,27.2709,150.2650,0.0061,0.0066,0.9460
1429.0000,27.2893,150.2650,0.0061,0.0066,0.9460
1430.0000,27.3080,150.2650,0.0063,0.0066,0.9461
1431.0000,27.3271,150.2650,0.0061,0.0066,0.9461
1432.0000,27.3474,150.2650,0.0062,0.0066,0.9462
1433.0000,27.3685,150.2650,0.0063,0.0066,0.9462
1434.0000,27.3891,150.2650,0.0063,0.0066,0.9462
1435.0000,27.4185,150.2650,0.0059,0.0066,0.9463
1436.0000,27.4451,150.2650,0.0061,0.0066,0.9463
1437.0000,27.4654,150.2650,0.0061,0.0066,0.9463
1438.0000,27.4863,150.2650,0.0062,0.0066,0.9464
1439.0000,27.5061,150.2650,0.0061,0.0066,0.9464
1440.0000,27.5264,150.2650,0.0060,0.0066,0.9464
1441.0000,27.5463,150.2650,0.0060,0.0066,0.9465
1442.0000,27.5668,150.2650,0.0059,0.0066,0.9465
1443.0000,27.5872,150.2650,0.0060,0.0066,0.9466
1444.0000,27.6079,150.2650,0.0061,0.0066,0.9466
1445.0000,27.6284,150.2650,0.0066,0.0066,0.9466
1446.0000,27.6489,150.2650,0.0058,0.0066,0.9467
1447.0000,27.6691,150.2650,0.0060,0.0066,0.9467
1448.0000,27.6905,150.2650,0.0060,0.0066,0.9467
1449.0000,27.7103,150.2650,0.0059,0.0066,0.9468
1450.0000,27.7292,150.2650,0.0065,0.0066,0.9468
1451.0000,27.7481,150.2650,0.0060,0.0066,0.9468
1452.0000,27.7668,150.2650,0.0059,0.0066,0.9469
1453.0000,27.7854,150.2650,0.0058,0.0066,0.9469
1454.0000,27.8040,150.2650,0.0059,0.0066,0.9469
1455.0000,27.8230,150.2650,0.0062,0.0066,0.9470
1456.0000,27.8410,150.2650,0.0061,0.0066,0.9470
1457.0000,27.8605,150.2650,0.0061,0.0066,0.9471
1458.0000,27.8794,150.2650,0.0062,0.0066,0.9471
1459.0000,27.8980,150.2650,0.0061,0.0066,0.9471
1460.0000,27.9165,150.2650,0.0059,0.0066,0.9472
1461.0000,27.9346,150.2650,0.0063,0.0066,0.9472
1462.0000,27.9525,150.2650,0.0062,0.0066,0.9472
1463.0000,27.9706,150.2650,0.0062,0.0066,0.9473
1464.0000,27.9887,150.2650,0.0063,0.0066,0.9473
1465.0000,28.0071,150.2650,0.0062,0.0066,0.9473
1466.0000,28.0252,150.2650,0.0061,0.0066,0.9474
1467.0000,28.0432,150.2650,0.0061,0.0066,0.9474
1468.0000,28.0612,150.2650,0.0063,0.0066,0.9474
1469.0000,28.0796,150.2650,0.0060,0.0066,0.9475
1470.0000,28.0986,150.2650,0.0061,0.0066,0.9475
1471.0000,28.1175,150.2650,0.0063,0.0066,0.9475
1472.0000,28.1360,150.2650,0.0061,0.0066,0.9476
1473.0000,28.1547,150.2650,0.0059,0.0066,0.9476
1474.0000,28.1738,150.2650,0.0060,0.0066,0.9476
1475.0000,28.1920,150.2650,0.0061,0.0066,0.9477
1476.0000,28.2109,150.2650,0.0062,0.0066,0.9477
1477.0000,28.2290,150.2650,0.0062,0.0066,0.9477
1478.0000,28.2469,150.2650,0.0063,0.0066,0.9478
1479.0000,28.2650,150.2650,0.0064,0.0066,0.9478
1480.0000,28.2830,150.2650,0.0061,0.0066,0.9478
1481.0000,28.3008,150.2650,0.0062,0.0066,0.9479
1482.0000,28.3186,150.2650,0.0063,0.0066,0.9479
1483.0000,28.3364,150.2650,0.0062,0.0066,0.9480
1484.0000,28.3544,150.2650,0.0063,0.0066,0.9480
1485.0000,28.3724,150.2650,0.0063,0.0066,0.9480
1486.0000,28.3904,150.2650,0.0063,0.0066,0.9481
1487.0000,28.4088,150.2650,0.0061,0.0066,0.9481
1488.0000,28.4268,150.2650,0.0062,0.0066,0.9481
1489.0000,28.4450,150.2650,0.0064,0.0066,0.9481
1490.0000,28.4629,150.2650,0.0060,0.0066,0.9482
1491.0000,28.4809,150.2650,0.0060,0.0066,0.9482
1492.0000,28.4988,150.2650,0.0063,0.0066,0.9483
1493.0000,28.5167,150.2650,0.0061,0.0066,0.9483
1494.0000,28.5345,150.2650,0.0061,0.0066,0.9483
1495.0000,28.5523,150.2650,0.0062,0.0066,0.9484
1496.0000,28.5704,150.2650,0.0060,0.0066,0.9484
1497.0000,28.5884,150.2650,0.0060,0.0066,0.9484
1498.0000,28.6061,150.2650,0.0063,0.0066,0.9485
1499.0000,28.6242,150.2650,0.0062,0.0066,0.9485
1500.0000,28.6420,150.2650,0.0060,0.0066,0.9485
1501.0000,28.6605,150.2650,0.0062,0.0066,0.9486
1502.0000,28.6789,150.2650,0.0062,0.0066,0.9486
1503.0000,28.6969,150.2650,0.0062,0.0066,0.9486
1504.0000,28.7148,150.2650,0.0060,0.0066,0.9487
1505.0000,28.7325,150.2650,0.0063,0.0066,0.9487
1506.0000,28.7506,150.2650,0.0061,0.0066,0.9487
1507.0000,28.7683,150.2650,0.0064,0.0066,0.9488
1508.0000,28.7863,150.2650,0.0061,0.0066,0.9488
1509.0000,28.8050,150.2650,0.0062,0.0066,0.9488
1510.0000,28.8234,150.2650,0.0062,0.0066,0.9489
1511.0000,28.8418,150.2650,0.0061,0.0066,0.9489
1512.0000,28.8620,150.2650,0.0059,0.0066,0.9489
1513.0000,28.8813,150.2650,0.0059,0.0066,0.9490
1514.0000,28.8993,150.2650,0.0059,0.0066,0.9490
1515.0000,28.9177,150.2650,0.0061,0.0066,0.9490
1516.0000,28.9360,150.2650,0.0057,0.0066,0.9491
1517.0000,28.9541,150.2650,0.0059,0.0066,0.9491
1518.0000,28.9721,150.2650,0.0061,0.0066,0.9491
1519.0000,28.9912,150.2650,0.0063,0.0066,0.9492
1520.0000,29.0104,150.2650,0.0061,0.0066,0.9492
1521.0000,29.0295,150.2650,0.0057,0.0066,0.9492
1522.0000,29.0487,150.2650,0.0060,0.0066,0.9493
1523.0000,29.0680,150.2650,0.0062,0.0066,0.9493
1524.0000,29.0869,150.2650,0.0062,0.0066,0.9493
1525.0000,29.1057,150.2650,0.0062,0.0066,0.9493
1526.0000,29.1248,150.2650,0.0060,0.0066,0.9494
1527.0000,29.1439,150.2650,0.0061,0.0066,0.9494
1528.0000,29.1625,150.2650,0.0064,0.0066,0.9494
1529.0000,29.1816,150.2650,0.0060,0.0066,0.9495
1530.0000,29.2013,150.2650,0.0060,0.0066,0.9495
1531.0000,29.2191,150.2650,0.0063,0.0066,0.9495
1532.0000,29.2370,150.2650,0.0061,0.0066,0.9496
1533.0000,29.2553,150.2650,0.0057,0.0066,0.9496
1534.0000,29.2733,150.2650,0.0061,0.0066,0.9496
1535.0000,29.2912,150.2650,0.0061,0.0066,0.9497
1536.0000,29.3090,150.2650,0.0062,0.0066,0.9497
1537.0000,29.3267,150.2650,0.0062,0.0066,0.9497
1538.0000,29.3439,150.2650,0.0062,0.0066,0.9498
1539.0000,29.3616,150.2650,0.0060,0.0066,0.9498
1540.0000,29.3796,150.2650,0.0059,0.0066,0.9498
1541.0000,29.3972,150.2650,0.0062,0.0066,0.9499
1542.0000,29.4149,150.2650,0.0060,0.0066,0.9499
1543.0000,29.4326,150.2650,0.0060,0.0066,0.9499
1544.0000,29.4500,150.2650,0.0063,0.0066,0.9500
1545.0000,29.4675,150.2650,0.0060,0.0066,0.9500
1546.0000,29.4848,150.2650,0.0063,0.0066,0.9500
1547.0000,29.5024,150.2650,0.0061,0.0066,0.9501
1548.0000,29.5210,150.2650,0.0063,0.0066,0.9501
1549.0000,29.5400,150.2650,0.0060,0.0066,0.9501
1550.0000,29.5590,150.2650,0.0061,0.0066,0.9501
1551.0000,29.5785,150.2650,0.0062,0.0066,0.9502
1552.0000,29.5989,150.2650,0.0060,0.0066,0.9502
1553.0000,29.6192,150.2650,0.0063,0.0066,0.9502
1554.0000,29.6450,150.2650,0.0061,0.0066,0.9503
1555.0000,29.6657,150.2650,0.0062,0.0066,0.9503
1556.0000,29.6868,150.2650,0.0058,0.0066,0.9503
1557.0000,29.7070,150.2650,0.0059,0.0066,0.9504
1558.0000,29.7270,150.2650,0.0060,0.0066,0.9504
1559.0000,29.7474,150.2650,0.0062,0.0066,0.9504
1560.0000,29.7672,150.2650,0.0062,0.0066,0.9505
1561.0000,29.7867,150.2650,0.0062,0.0066,0.9505
1562.0000,29.8066,150.2650,0.0060,0.0066,0.9505
1563.0000,29.8262,150.2650,0.0063,0.0066,0.9506
1564.0000,29.8459,150.2650,0.0062,0.0066,0.9506
1565.0000,29.8683,150.2650,0.0064,0.0066,0.9506
1566.0000,29.8906,150.2650,0.0060,0.0066,0.9506
1567.0000,29.9104,150.2650,0.0063,0.0066,0.9507
1568.0000,29.9301,150.2650,0.0064,0.0066,0.9507
1569.0000,29.9501,150.2650,0.0062,0.0066,0.9507
1570.0000,29.9697,150.2650,0.0060,0.0066,0.9508
1571.0000,29.9895,150.2650,0.0062,0.0066,0.9508
1572.0000,30.0101,150.2650,0.0062,0.0066,0.9508
